geno,SNP.7,SNP.8,SNP.11,SNP.13,SNP.15,SNP.17,SNP.18,SNP.30,SNP.31,SNP.33,SNP.39,SNP.45,SNP.47,SNP.48,SNP.53,SNP.54,SNP.56,SNP.57,SNP.58,SNP.60,SNP.61,SNP.62,SNP.63,SNP.64,SNP.65,SNP.67,SNP.68,SNP.69,SNP.70,SNP.71,SNP.74,SNP.75,SNP.79,SNP.80,SNP.81,SNP.83,SNP.84,SNP.85,SNP.87,SNP.89,SNP.91,SNP.92,SNP.96,SNP.97,SNP.99,SNP.101,SNP.102,SNP.103,SNP.104,SNP.105,SNP.106,SNP.112,SNP.119,SNP.120,SNP.122,SNP.124,SNP.128,SNP.130,SNP.133,SNP.134,SNP.137,SNP.138,SNP.139,SNP.142,SNP.150,SNP.151,SNP.155,SNP.156,SNP.157,SNP.160,SNP.161,SNP.167,SNP.168,SNP.169,SNP.170,SNP.171,SNP.173,SNP.174,SNP.178
5_49,A,A,A/G,A/G,C,G,A,T,G,C,G,G,A,G,G,C/G,G,G,G,A,A,A,A/G,G,G,A/G,A/G,A/G,A/G,A/G,G,A,A/G,A,A/G,A/G,G,A,G,C,G,G,A/C,C,A/G,A,G,G,G,A,G,A/G,G,G,A/G,G,A/G,A,G,C,A/G,C/G,G,C,A/G,A,G,G,A/G,G,A,C,G,G,A,A/G,G,G,C
2_13,A,A,A/G,--,C,G,A,T,A/G,C,G,G,A,A/G,G,C,G,A/G,A/G,C,A,A,G,G,A,G,A,A/G,A,G,G,A,G,G,A,A/G,G,A,A/G,C,G,A,A,C,A,G,G,G,A,A,G,G,G,G,G,A,G,A,G,C/G,G,C/G,A/G,C,A,A,G,G,A,G,A/G,C,G,G,A,G,A/G,A/G,C
2_64,A,A,A/G,G,C,G,A,T,A/G,C,G,G,A,A/G,G,C,G,A/G,A/G,C,A,A,G,G,A,G,A,A/G,A,G,G,A,G,G,A,A/G,G,A,A/G,C,G,A,A,C,A,G,G,G,A,A,G,G,G,G,G,A,G,A,G,C/G,G,C/G,A/G,C,A,A,G,G,A,G,A/G,C,G,G,A,G,A/G,A/G,C
C_42,A,A,G,A,C,G,A,T,A,C,G,G,A,A,G,C,G,A,A,C,A,A,G,G,A,A,A,G,A,G,G,A,G,A,A,A,G,A,A,A/C,A,G,A,A,A,G,G,G,G,A,A,G,G,G,G,G,A,A,G,G,G,G,A,C,G,A,G,A,A,G,G,C,G,A,A,G,G,G,C
BF15/BG21_.7,A,A,G,A,C,G,A,T,G,C,G,A,A,A,G,C,A,A,A,C,A,A,G,G,G,A,G,G,A,G,G,A,A,A,A,A,G,A,A,A/C,A,G,A,A,A,G,G,G,G,A,A,G,G,G,G,A,A,A,G,C,G,G,G,A,G,C,G,G,A,G,A,C,G,G,A,G,G,G,C
6_79,A,A/G,A/G,G,C,G,A,T,A/G,C,G,G,A,A/G,G,C,G,A/G,A/G,--,A,A/G,G,A/G,A/G,A/G,A/G,A/G,A,A/G,G,A,G,A/G,A,A,A/G,A,A/G,C,G,A/G,A/C,C,A/G,A/G,A/G,G,A/G,A,G,G,A/G,A/G,G,A/G,G,A/G,G,G,G,C/G,G,C,A/G,C,G,A/G,A,A/G,A,C,G,G,A,G,A/G,A/G,C
12.1/12.2_90,A,A/G,A/G,G,C,G,A,T,A/G,C,G,G,A,A/G,G,C,G,A/G,A/G,A/C,A,A/G,G,A/G,A/G,A,A/G,G,A,A/G,G,A,G,A,A,A,A/G,A,A/G,A/C,A/G,G,A/C,A/C,A/G,A/G,A/G,G,G,A,A/G,G,A/G,A/G,G,G,A/G,A/G,G,G,G,C/G,A/G,C,G,A/C,G,A,A,A/G,A/G,C,G,A/G,A,G,A/G,G,C
12.1/12.2_21,A,A/G,A/G,G,C,G,A,T,A/G,C,G,G,A,A/G,G,C,G,A/G,A/G,A/C,A,A/G,G,A/G,A/G,A/G,A/G,A/G,A,A/G,G,A,G,A/G,A,A,A/G,A,A/G,C,G,A/G,A/C,C,A/G,A/G,A/G,G,A/G,A,G,G,A/G,A/G,G,A/G,G,A/G,G,G,G,C/G,G,C,A/G,C,G,A/G,A,A/G,A,C,G,G,A,G,A/G,A/G,C
15.2_57,A,A/G,A/G,G,C,G,A,T,A/G,C,G,G,A,A/G,G,C,G,A/G,A/G,A/C,A,A/G,G,A/G,A/G,A/G,A/G,A/G,A,A/G,G,A,G,A/G,A,A,A/G,A,A/G,C,G,A/G,A/C,C,A/G,A/G,A/G,G,A/G,A,G,G,A/G,A/G,G,A/G,G,A/G,G,G,G,C/G,G,C,A/G,C,G,A/G,A,A/G,A,C,G,G,A/G,G,A/G,A/G,C
1.1_81,A,A/G,A/G,G,C,G,A,T,G,C,G,A/G,A,A/G,G,C,A/G,A/G,A/G,A/C,A,A/G,G,A/G,G,A,G,G,A,A/G,G,A,A/G,A/G,A,A,A/G,A,G,C,G,G,C,C,G,A,A,A/G,G,A,G,A/G,A/G,A/G,G,G,G,A/G,A/G,C/G,G,C,G,C,G,C,G,A/G,A/G,A/G,A/G,C,G,G,A,A/G,A,G,C
11/11.1_60,A,A,G,--,C,G,A,T,A,C,G,G,A,A,G,C,G,A,A,A/C,A/C,A,G,G,A,G,A,A,A,G,G,A,G,G,A,A,G,A,A,C,A/G,A,A,C,A,G,G,G,A/G,A,G,--,G,G,G,A,G,A,G,G,G,G,G,A,A,C,G,G,A,G,A,C,G,G,A,G,G,A/G,C
11/11.1_127,A,A/G,G,A/G,C,G,A/G,A/T,A,C/G,A/G,A/G,A,G,A,G,G,G,G,A,A,A,G,G,G,A,G,A,A,G,A,G,G,G,A,G,G,A,A,A,A,G,C,A,G,A,A,A,G,A,A,A,G,A,A,G,G,A,G,G,G,C,G,C,G,C,G,G,G,G,A,C,A,A,G,A,G,A,C
11/11.1_139,A,A/G,G,A/G,C,G,A/G,A/T,A/G,--,A/G,A/G,A,G,A,C/G,G,G,G,A,A,A,G,G,G,A,G,A,A,G,A,G,G,G,A,G,G,A,A,A,A/G,A/G,C,A/C,A/G,A/G,A/G,A/G,G,A,A,A/G,G,A/G,A/G,G,G,A,G,G,G,C/G,G,C,G,C,G,G,G,G,A,C,A/G,A/G,A/G,A,G,A/G,C
6.1/19.1_95,A,A/G,G,A/G,C,G,A/G,T,A/G,C,G,A/G,A,A,G,C,A/G,A,A,C,A,A,G,G,A,A/G,A/G,A/G,A,G,G,A,A/G,A/G,A,A,G,A,A,A/C,A/G,A/G,A,A/C,A,G,G,G,A/G,A,A/G,G,G,G,G,A,A/G,A,G,C/G,G,G,G,A/C,A/G,C,G,A/G,A,G,A,C,G,G,A,G,G,A/G,C
6.1/19.1_106,A,A,G,G,C,G,A/G,T,A,C,G,A/G,A,A,G,C,A/G,A,A,C,A,A,G,G,A,A/G,A,A/G,A,G,G,A,G,A/G,A,A,G,A,A/G,C,G,A/G,A/C,A/C,A,G,A/G,A/G,A/G,A,A/G,G,G,G,G,A/G,G,A,G,G,G,G,G,C,A/G,C,G,G,A,G,A,C,G,G,A,G,G,A,C
6.1/19.1_117,A,A,G,G,C,G,A/G,T,A,C,G,G,A,A/G,A/G,C,G,A/G,A/G,A/C,A,A,G,A/G,A/G,A/G,A,A/G,A,G,A/G,A/G,G,G,A,A,G,A,A/G,A/C,A/G,A/G,A,C,A,G,A/G,A/G,A/G,A,G,A,G,G,G,A/G,G,A/G,A/G,G,G,C/G,G,C,A/G,C,G,G,A,G,A,C,G,A/G,A/G,A/G,G,A,C
8/27_177,A,A,G,G,C,G,A/G,T,G,C,G,G,A/G,A/G,G,C,G,A/G,A/G,A/C,A,A,A/G,G,G,A,G,G,A,G,G,A,A/G,G,A,A,G,A,G,C,G,G,A/C,C,A/G,A/G,A/G,A/G,G,A,G,A,G,G,G,G,G,A/G,G,C/G,G,C/G,G,C,G,C,G,A,A,G,A/G,C,G,G,A,G,G,G,C
6.1/19.1_129,A,A,G,G,C,G,A,T,A,C,G,G,A,A,G,C,G,A,A,A/C,A,A,G,G,A,G,A,A,A,G,G,A,G,G,A,A,G,A,A,C,A/G,A,A,C,A,G,G,G,A/G,A,G,--,G,G,G,A,G,A,G,G,G,G,G,A,A,C,G,G,A,G,A,C,G,G,A,G,G,A/G,C
21/13_130,A,A,G,G,C,G,A,T,A,C,G,G,A,A,G,C,G,A,A,C,A,A,G,G,A,G,A,A,A,G,G,A,G,G,A,A,G,A,A,C,G,A,A,C,A,G,G,G,A,A,G,G,G,G,G,A,G,A,G,G,G,G,G,C,A,C,G,G,A/G,G,A,C,G,A/G,A,G,G,A/G,C
5_178,A,A,G,G,C,G,A,T,A,C,G,G,A,A,G,C,G,A,A,C,A,A,G,G,A,G,A,A,A,G,G,A,G,G,A,A,G,A,A,C,G,A,A,C,A/G,G,G,G,A,A,G,G,G,G,G,A,G,A,G,G,G,G,G,C,A/G,C,G,G,A,G,A,C,G,G,A,G,A/G,A,C
8/27_96,A,A,G,G,C,G,A,T,A,C,G,G,A,A,G,C,G,A,A,C,A,A,G,G,A,G,A,A/G,A,G,G,A,G,G,A,A,G,A,A/G,C,G,A,A,C,A,G,A/G,G,A/G,A,G,G,G,G,G,A,G,A,G,G,G,G,G,C,A,C,G,G,A,G,A,C,G,G,A,G,G,A,C
8/27_107,A,A,G,G,C,G,A,T,A,C,G,G,A,A,G,C,G,A/G,A,A/C,A,A,G,G,A,G,A,A,A,G,G,A,A/G,A/G,A,A,G,A,A,--,A/G,A,A,C,A,G,G,G,A/G,A,G,--,G,G,G,A,G,A,G,G,G,G,G,A,A,C,G,G,A,G,A,C,G,G,A,G,G,A/G,C
8/27_118,A,A,G,G,C,G,A,T,A,C,G,G,A,A,G,C,G,A/G,A,A/C,A,A,G,G,A,G,A,A,A,G,G,A,G,G,A,A,G,A,A,C,A/G,A,A,C,A,G,G,G,A/G,A,G,A/G,G,G,G,A/G,G,A,A/G,G,G,G,G,A,A,C,G,G,A,G,A,C,G,G,A,G,G,A/G,C
6.1/24F_97,A,A,G,G,C,G,A,T,A,C,G,G,A,A/G,G,C,G,A,A,C,A,A,G,G,A,G,A,A,A,G,G,A,G,G,A,A,G,A,A,C,G,A,A,C,A/G,G,G,G,A,A,G,G,G,G,G,A,G,A,G,G,G,G,G,C,A/G,C,G,G,A,G,A,C,G,G,A,G,A/G,A,C
15/ ?_98,A,A,G,G,C,G,A,T,A/G,C,G,G,A,A,G,C,G,A,A,C,A,A,G,G,A,A/G,A/G,A/G,A,G,G,A,A/G,G,A,A,G,A,A/G,C,G,A/G,A/C,C,G,A/G,G,G,A/G,A,G,G,G,G,G,A/G,G,A,G,G,G,G,G,C,G,C,G,A/G,A,G,A/G,C,G,G,A,G,A/G,A/G,C
15/ ?_109,A,A,G,G,C,G,A,T,--,C,G,G,A,A,G,C,G,A,A,A/C,A,A,G,G,A,G,A,A,A,G,G,A,G,G,A,A,G,A,A,C,A/G,A,A,C,A,G,G,G,A/G,A,G,--,G,G,G,A,G,A,A/G,G,G,G,G,A,A,C,G,A/G,A,G,A,C,G,G,A,G,G,A/G,C
15/ ?_120,A,--,A/G,G,C,G,A,T,G,C,G,A/G,A,A/G,G,C,A/G,A/G,A/G,A/C,A,A/G,G,A/G,G,A,G,G,A,A/G,G,A,A/G,A/G,A,A,A/G,A,G,C,G,G,C,C,G,A,A,A/G,G,A,G,A/G,A/G,A/G,G,G,G,A/G,A/G,C/G,G,C,G,C,G,C,G,A/G,A/G,A/G,A/G,C,G,G,A,A/G,A,G,C
?/24_180,A,A/G,G,G,C,G,A/G,A/T,A,C/G,A/G,A/G,A,A/G,A/G,C/G,G,A/G,A/G,A/C,A,A,G,G,A/G,A/G,A/G,A,A,G,A/G,A/G,G,G,A,A/G,G,A,A,A/C,A/G,A/G,A/C,A/C,A/G,A/G,A/G,A/G,A/G,A,A/G,A,G,A/G,A/G,A/G,G,A,G,G,G,C/G,G,C,A/G,C,G,G,A/G,G,A,C,A/G,A/G,A/G,A/G,G,A,C
?/24_99,A,A/G,G,G,C,G,A/G,T,G,C,G,G,A/G,A/G,G,C,A/G,A/G,A/G,C,A,A/G,G,G,A/G,A/G,A,A/G,A,G,G,A,A/G,A/G,A/G,A,G,A,G,C,A/G,G,A/C,A/C,A/G,A/G,A,A/G,G,A,A/G,G,G,A/G,G,G,G,A/G,G,C/G,G,C/G,G,C,G,A/C,G,A/G,A,G,A,C,G,A/G,A,A/G,A/G,A/G,C
?/24_110,A,A/G,G,G,C,G,A,T,G,C,G,A/G,A/G,A/G,G,C,A/G,A/G,A/G,A/C,A,A/G,G,A/G,G,A,G,G,A,A/G,G,A,A,A/G,A,A,G,A,A/G,A,A/G,G,A/C,A,A,G,A/G,G,G,A,A/G,G,G,G,G,A/G,A/G,A,G,C/G,G,C/G,G,A/C,G,C,G,A,A/G,G,A/G,C,A/G,A/G,A/G,A/G,G,A/G,C
?/24_121,A,A/G,G,G,C,G,G,A,A,G,A,A,A,G,A,G,G,G,G,--,A,A,G,G,G,A,G,A,A,G,A,G,G,G,A,G,G,A,A,A,A,G,C,A,G,A,A,A,G,A,A,A,G,A,A,G,G,A,G,G,G,C,G,C,G,C,G,G,G,G,A,C,A,A,G,A,G,A,C
78_157,A,A/G,G,G,C,G,G,A/T,A,C/G,A/G,A,A,A/G,A/G,C/G,A/G,A/G,A/G,A/C,A,A,G,G,A/G,A,A/G,A/G,A,G,A/G,A/G,G,A/G,A,A/G,G,A,A/G,A/C,A/G,G,C,A,A/G,A/G,A,A,G,A,A,A,G,A/G,A/G,G,G,A,G,G,G,C/G,G,C,G,C,G,G,A/G,G,A,C,A/G,A/G,A/G,A/G,G,A,C
78_169,A/C,A,A/G,A,C,G,A/G,T,A/G,C,G,G,A/G,A/G,G,C,G,A,A/G,C,A,A,A/G,G,A/G,A,A/G,G,A,G,G,A,G,A/G,A,A,G,A,A/G,A/C,A/G,G,A,A,A,G,A/G,G,G,A,A/G,G,G,G,G,G,A/G,A,G,C/G,G,C/G,A/G,C,A/G,A/C,G,A/G,A,G,A/G,C,G,A,A,G,A/G,--,C
24_181,A/C,A,A/G,G,C,G,A,T,G,C,G,G,A/G,A/G,G,C,A/G,A/G,A/G,A/C,A,A,A/G,A/G,G,A/G,A/G,G,A,G,G,A,G,G,A,A,G,A,A/G,C,G,A/G,A,C,A,G,G,G,A/G,A,G,G,A/G,G,G,A/G,G,A/G,G,C/G,G,C/G,G,C,A/G,C,G,A/G,A/G,G,A,C,G,A/G,A,G,G,G,C
73/71_146,A/C,A/G,A,A/G,C,A/G,A/G,T,G,C,G,G,A/G,G,G,C,G,G,A/G,A/C,A,A/G,A/G,A/G,G,A,G,G,A,A/G,G,A,A/G,A/G,A/G,A/G,G,A,G,C,G,G,A/C,A/C,A/G,A,A/G,G,G,A,G,G,A/G,A/G,A,G,A/G,A,G,C,G,C/G,G,C,G,A/C,G,G,A/G,G,A,C,A/G,A/G,A/G,A/G,G,A/G,C
73/71_158,A/C,A/G,A,A/G,C,G,A/G,T,G,C/G,A/G,A/G,A,G,A,C/G,G,G,A/G,A/C,A,A,--,G,G,A,G,G,A,A/G,G,A,G,G,A,A,G,A,G,C,G,G,A,C,A,G,A/G,A/G,G,A,A/G,G,A/G,G,A/G,A/G,A/G,A,G,G,G,C,A/G,C,G,C,G,A,A/G,G,A,C,G,A/G,A/G,A/G,G,G,C
73/71_170,A/C,A,G,A,C,G,A/G,T,A/G,C,G,G,A/G,G,A/G,C,G,G,G,A,A,A,G,A,G,A/G,A,A/G,A,G,A/G,A/G,G,G,A,A,G,A/G,G,A,A/G,G,A,C,A/G,A/G,A/G,A/G,G,A,G,A,G,G,G,G,G,G,A/G,G,G,C,G,C,A/G,C,G,G,A,A/G,A,C,G,A,A/G,A,G,A/G,C
73/71_182,A/C,A/G,A/G,A,C,G,A/G,A/T,A/G,C,G,G,A,A/G,A/G,C,A/G,G,G,A/C,A,A,G,A/G,G,G,A,A/G,A/G,G,G,A,A/G,A/G,A/G,A,A/G,A,G,A/C,A/G,A/G,A/C,A/C,A,A/G,A/G,A/G,G,A,G,A,G,G,A/G,A/G,G,A/G,A/G,C/G,G,C,A,A/C,A/G,A/C,G,G,A,A/G,A/G,C,G,A/G,A/G,A/G,A/G,--,C
24/77_111,A/C,A/G,A/G,A,C,G,A/G,T,A/G,C,A/G,A/G,A,A/G,A/G,C/G,G,A/G,A,C,A,A,G,G,A/G,A/G,A/G,A/G,A,A/G,G,A,G,G,A,A,G,A,A/G,C,G,A/G,A,C,A,G,A/G,A/G,A/G,A,G,G,G,G,G,A,G,A,G,C/G,A/G,C/G,G,C,A/G,C,G,A/G,A/G,G,A,C,G,A/G,A,A/G,A/G,G,C/G
24/77_122,A/C,A/G,A/G,A,C,G,A/G,T,A/G,C,G,A,A,A/G,A/G,C/G,A/G,A/G,A/G,A/C,A,A,G,G,A/G,A/G,A,A/G,A,G,G,A,G,A/G,A,A,G,A,G,C,G,G,A/C,A/C,A/G,A/G,A/G,A/G,G,A,A/G,G,G,G,G,G,G,A/G,G,G,G,C/G,G,C,A/G,C,G,G,A,A/G,A,C,G,A/G,A,A/G,G,A/G,C
13/221_134,A/C,A/G,A/G,A,C,G,A/G,T,G,C,G,G,A/G,G,G,C/G,A/G,G,G,A,A,A,A/G,A/G,G,A/G,A/G,A,A,A/G,G,A/G,A/G,A/G,A,A,G,A,G,C,A/G,A/G,A/C,A/C,A/G,A/G,A,G,G,A,G,G,G,G,G,A/G,A/G,A/G,G,G,G,C,G,C,G,C,G,G,G,G,A/G,C,G,A,G,A,G,A,C
Htz_112,A/C,A/G,A/G,A,C,G,A,T,A/G,C,G,A/G,A,A/G,A/G,C/G,G,A/G,A/G,A/C,A,A,G,G,A/G,A/G,A,A/G,A,G,G,A,G,A/G,A,A,G,A,A/G,A/C,A/G,G,A,A/C,A/G,A/G,G,G,G,A,A/G,G,G,G,G,G,A/G,A/G,G,G,G,C/G,A/G,C,A/G,A/C,G,A/G,A,A/G,A/G,C,G,A,A,A/G,G,G,C
72/75_123,A/C,A/G,A/G,A,C,G,A,T,A/G,C,G,G,A,A/G,G,C,G,A/G,A/G,C,A,A,G,G,A/G,A/G,A/G,A/G,A,G,G,A,A/G,A,A,A,A/G,A,A/G,A/C,A/G,A/G,A/C,A/C,A,G,G,A/G,G,A,A/G,G,G,G,G,A/G,A,A,G,G,G,C/G,A/G,C,G,A/C,G,A,A,G,A/G,C,G,A,A,G,A/G,G,C
76/71_147,A/C,A/G,A/G,A,C,G,A,T,G,C,G,A/G,A,A/G,G,C,A/G,A/G,A/G,C,A,A,G,G,G,A/G,G,A/G,A,G,G,A,A,A/G,A,A,A/G,A,G,C,G,A/G,C,C,A/G,A/G,A/G,A/G,G,A,G,A,G,G,G,A/G,A/G,A,A/G,C/G,G,C,G,C,G,C,G,A,A,G,A/G,C,G,A/G,A,A/G,A,G,C
76/75_159,A/C,A/G,A/G,A,C,G,G,T,A,C,G,A/G,A/G,A/G,G,C,A,A/G,A/G,A/C,A,A,A/G,G,A/G,A/G,A/G,G,A,G,G,A,G,A/G,A,A,G,A,A/G,A/C,G,G,C,A/C,A/G,A/G,A,A/G,G,A,A/G,G,G,G,G,G,G,A,G,G,G,C/G,A/G,C,G,A/C,G,G,A/G,G,A,C,G,A/G,A/G,A/G,G,A,C
76/71_171,A/C,A/G,A/G,A/G,C,G,A,T,A/G,C,G,A/G,A,A/G,A/G,C/G,G,A/G,A/G,A/C,A,A,G,G,A/G,G,A,A,A,G,G,A,G,G,A,A,G,A,A/G,C,G,A/G,A,C,A/G,A/G,G,G,A/G,A,G,G,G,G,G,A/G,G,A/G,G,G,G,C/G,G,C,A,C,G,G,A,A/G,A,C,G,A/G,A,A/G,G,A/G,C
74/71_183,A/C,A/G,A,G,C,G,A/G,T,G,C,G,G,A,G,G,C,G,G,G,A,A,G,--,A/G,G,A/G,G,G,A,A,G,A,G,A/G,A,A,A/G,A/G,G,C,G,G,C,C,G,A/G,A/G,G,G,A,G,G,A/G,A/G,G,G,G,A/G,G,G,G,C,G,C,G,C,G,A,A,A/G,A,C,G,G,A,G,--,G,C
74/71_102,A/C,A/G,A/G,G,C,G,A/G,A/T,A,C,A/G,A/G,A,A/G,A/G,C/G,G,A/G,A/G,A/C,A,A,G,G,A/G,A/G,A/G,A,A,G,A/G,A/G,G,G,A,A/G,G,A,A,A/C,A/G,A/G,A/C,A/C,A/G,A/G,A/G,A/G,A/G,A,A/G,A,G,A/G,A/G,A/G,G,A,G,G,G,C/G,G,C,A/G,C,G,G,A/G,G,A,C,A/G,A/G,A/G,A/G,G,A,C
74/71_113,A/C,A/G,A/G,G,C,G,A/G,T,A,C,G,G,A,A/G,G,C,G,A/G,A/G,C,A,A,G,A/G,A/G,A/G,A/G,A/G,A,A/G,G,A,A/G,G,A/G,A,G,A,A/G,C,G,A/G,A/C,A/C,A,G,A/G,G,A/G,A,G,G,G,G,G,A/G,G,A,G,G,G,C/G,G,C,A/G,C,G,A/G,G,G,A,C,A/G,A,A/G,A/G,G,A/G,C
74/71_124,A/C,A/G,A/G,G,C,G,A/G,T,A,C,G,G,A/G,G,A/G,C/G,A/G,G,G,A,A,A,A/G,G,G,A/G,G,A/G,A,G,A/G,A/G,G,G,A,A/G,G,A,A,A,A/G,G,C,A/C,G,A,A,A/G,G,A,A/G,A,G,A/G,A/G,G,G,A,G,G,G,C,A/G,C,G,A/C,G,G,G,G,A,C,A/G,A,G,A,G,A,C
74_136,A/C,A/G,A/G,G,C,G,A/G,T,A/G,C,G,G,A,A/G,G,C,G,A/G,A/G,C,A,A,G,G,A,G,A,A/G,A,G,G,A,G,G,A,A/G,G,A,A/G,C,G,A,A,C,A,G,G,G,A,A,G,G,G,G,G,A,G,A,G,C/G,G,C/G,A/G,C,A,A/C,G,G,A,G,A/G,C,G,G,A,G,A/G,A/G,C
75/71_148,A/C,A/G,A/G,G,C,G,A,T,A,C,G,G,A,A/G,A/G,C,G,A/G,A/G,A/C,A,A,G,G,A/G,G,A/G,A/G,A,A/G,G,A,G,G,A,A,G,A,A/G,C,G,A,A,C,A,A/G,G,G,A/G,A,G,A,G,A/G,G,A/G,G,A,G,G,G,G,G,C,A/G,C,G,G,A/G,G,A/G,C,G,G,A,G,A/G,A/G,C
75/71_160,A/C,A/G,A/G,G,C,G,A,T,A/G,C,G,A/G,A,A/G,A/G,C,G,A/G,A/G,A/C,A,A,G,G,A/G,G,A,A,A,G,G,A,G,G,A,A,G,A,A/G,C,G,A/G,A,C,A,A/G,G,G,A/G,A,G,G,G,G,G,A,G,A/G,G,G,G,C/G,G,C,A,C,G,G,A/G,A/G,A,C,G,A,A,A/G,G,G,C
75/71_172,A/C,A/G,A/G,G,C,G,A,T,A/G,C,G,A/G,A,A/G,A/G,C/G,G,A/G,A/G,A/C,A,A,G,G,A/G,G,A,A,A,G,G,A,G,G,A,A,A/G,A,A/G,C,G,A/G,A,C,A,G,A/G,G,A/G,A,A/G,G,G,G,G,A/G,G,A,G,G,G,G,G,C,A/G,C,G,A/G,A/G,G,A,C,G,A,A,A/G,G,G,C
75/71_184,A/C,A/G,A/G,G,C,G,A,T,A/G,C,G,A/G,A,A/G,A/G,C/G,G,A/G,A/G,A/C,A,A,G,G,A/G,G,A,A,A,G,G,A,G,G,A,A,G,A,A/G,C,G,A/G,A,C,A/G,A/G,G,G,A/G,A,G,G,G,G,G,A/G,G,A/G,G,G,G,C/G,G,C,A,C,G,G,A,A/G,A,C,G,A/G,A,A/G,G,A,C
71_137,A/C,A/G,A/G,G,C,G,A,T,A/G,C,G,A/G,A,A/G,A/G,C/G,G,A/G,A/G,A/C,A,A,G,G,A/G,G,A,A,A,G,G,A,G,G,A,A,G,A,A/G,C,G,A/G,A,C,A/G,A/G,G,G,A/G,A,G,G,G,G,G,A/G,G,A/G,G,G,G,C/G,G,C,A,C,G,G,A,A/G,A,C,G,A/G,A,A/G,G,A/G,C
71_173,A/C,A/G,A/G,G,C,G,A,T,A/G,C,G,A/G,A,A/G,A/G,C/G,G,A/G,A/G,A/C,A,A,G,G,A/G,G,A,A,A,G,G,A,G,G,A,A,G,A,A/G,C,G,A/G,A,C,A/G,A/G,G,G,A/G,A,G,G,G,G,G,A/G,G,A/G,G,G,G,C/G,G,C,A,C,G,G,A/G,A/G,A,C,G,A,A,A/G,G,G,C
71/ ?_185,A/C,A/G,A/G,G,C,G,A,T,A/G,C,G,A/G,A,A/G,A/G,C/G,G,A/G,A/G,A/C,A,A,G,G,A/G,G,A,A,A,G,G,A,G,G,A,A,G,A,A/G,C,G,A/G,A,C,G,A/G,G,G,A/G,A,G,G,G,G,G,A/G,G,A/G,G,G,G,C/G,G,C,A/G,C,G,G,A,A/G,A,C,G,A/G,A,A/G,A/G,A/G,C
73/72_115,A/C,A/G,A/G,G,C,G,A,T,A/G,C,G,G,A,A/G,A/G,C,G,A/G,A/G,A/C,A,A,A/G,G,A/G,A/G,A/G,A/G,A,A/G,G,A,G,G,A,A,G,A,A/G,C,A/G,A/G,A/C,C,A/G,A/G,G,G,A/G,A,A/G,G,A/G,G,G,A/G,G,A,G,C/G,G,G,G,C,A/G,A/C,G,G,A/G,G,A/G,C,G,A/G,A,G,A/G,A/G,C
73/72_126,A/C,A/G,A/G,G,C,G,A,T,A/G,C,G,G,A,A/G,A/G,C,G,A/G,A/G,A/C,A,A,G,G,A/G,A/G,A/G,A/G,A,G,G,A,A/G,A/G,A/G,A/G,G,A/G,A/G,A/C,A/G,A/G,A,C,A/G,A/G,G,G,A/G,A,G,A,G,G,G,A,G,A/G,A/G,G,G,C/G,A/G,C,A,C,G,A/G,A,G,A,C,G,A/G,A,G,A/G,A/G,C
72/75_174,A/C,A/G,A/G,G,C,G,A,T,A/G,C,G,G,A,A/G,G,C,G,A/G,A/G,C,A,A,G,A/G,A/G,G,A,A,A/G,G,G,A,A/G,A/G,A,A,G,A,A/G,C,G,A,A/C,C,A,A/G,G,G,A/G,A,G,A,G,G,G,A,G,A/G,A/G,G,G,C/G,A/G,C,A/G,C,G,G,A/G,A/G,A,C,G,A,A,A/G,G,G,C
72/75_186,A/C,A/G,A/G,G,C,G,A,T,A/G,C,G,G,A,A/G,G,C,G,A/G,A/G,C,A,A,G,G,A/G,G,A/G,A,A,G,G,A,A/G,A/G,A,A,A/G,A,A/G,C,G,A,A/C,C,A,G,G,G,A/G,A,G,A,G,G,G,A,A/G,A,G,G,G,G,G,C,A/G,C,G,G,G,G,A,C,G,A,A/G,A/G,G,A/G,C
71/ ?_104,A/C,A/G,A/G,G,C,G,A,T,A/G,C,G,G,A,A/G,G,C,G,A/G,A/G,C,A,A,G,G,A/G,G,A/G,A,A,G,G,A,A/G,A/G,A,A,A/G,A,A/G,C,G,A,A/C,C,A,G,G,G,A/G,A,G,G,G,G,G,A,A/G,A,G,G,G,C/G,G,C,A/G,C,G,A/G,A,G,A,C,G,A/G,A,G,A/G,A/G,C
63_211,A/C,A/G,A/G,G,C,G,A,T,A/G,C,G,G,A,A/G,G,C,G,A/G,A/G,C,A,A,G,G,A/G,G,A/G,A,A,G,G,A,A/G,A/G,A,A,A/G,A,A/G,C,G,A,A/C,C,A,G,G,G,A/G,A,G,G,G,G,G,A,A/G,A,G,G,G,C/G,G,C,A/G,C,G,A/G,A,G,A,C,G,A/G,A,G,A/G,--,C
Htz_269,A/C,A/G,A/G,G,C,G,A,T,A/G,C,G,G,A,A/G,G,C,G,A/G,A/G,C,A,A,G,G,A/G,G,A/G,A,A,G,G,A,A/G,A/G,A,A,A/G,A,A/G,C,G,A,A/C,C,A,G,G,G,A/G,A,G,G,G,G,G,A,A/G,A,G,G,G,C/G,G,C,A/G,C,G,A/G,A/G,G,A,C,G,A,A,G,A/G,G,C
Htz_201,A/C,A/G,A/G,G,C,G,A,T,G,C,G,G,A,A/G,G,C,G,A/G,A/G,C,A,A,G,G,G,A/G,G,A/G,A,G,G,A,A/G,A/G,A,A,A/G,A,A/G,C,G,A,A/C,C,A,G,G,G,A/G,A,G,G,G,G,G,A,A/G,A,G,G,G,C/G,G,C,A/G,C,G,A/G,A/G,G,A,C,G,A,A,G,A/G,G,C
Htz_213,A/C,A,G,G,C,G,A,T,A/G,C,G,G,A,A/G,G,C,G,A/G,A/G,A/C,A,A,A/G,G,A/G,G,A/G,A/G,A,G,G,A,G,A/G,A,A,G,A,A/G,C,G,A/G,A,C,A/G,G,A/G,G,A/G,A,G,G,G,G,G,A/G,G,A,G,G,G,C/G,G,C,A/G,A/C,G,A/G,G,G,A/G,C,G,A/G,A,A/G,A/G,A/G,C
Htz_225,A/C,A,G,G,C,G,A,T,G,C,G,A/G,A/G,A/G,G,C,A,A,A,C,A,A,G,G,G,A,G,G,A,G,G,A,A,G,A,A,G,A,G,C,G,G,C,C,A/G,A/G,A/G,A/G,G,A,A/G,A,G,G,G,A/G,G,A/G,A,C,G,C,G,C,G,A/C,G,A/G,A/G,G,A/G,C,G,G,A/G,A,A/G,A/G,C
Htz_237,A/C,A/G,G,G,C,A/G,A/G,T,A/G,C/G,G,G,A,A,G,C,G,A/G,A/G,A/C,A,A,G,G,A/G,A/G,A,A,A,G,G,A,G,A/G,A/G,A,G,A,A/G,C,G,A,A/C,A/C,A,A/G,A/G,A/G,A/G,A,A/G,A,G,A/G,A/G,A/G,G,A,G,G,G,C/G,G,C,A/G,C,G,G,A/G,G,A,C,A/G,A/G,A/G,A/G,G,A,C
Htz_249,A/C,A/G,G,G,C,G,A/G,A/T,A,C/G,A/G,A/G,A,A/G,A/G,C/G,G,A/G,A/G,A/C,A,A,G,G,A/G,A/G,A/G,A,A,G,A/G,A/G,G,G,A,A/G,G,A,A,A/C,A/G,A/G,A/C,A/C,A/G,A/G,A/G,A/G,A/G,A,A/G,A,G,A/G,A/G,A/G,G,A,G,G,G,C/G,G,C,A/G,C,G,G,A/G,G,A,C,A/G,A/G,A/G,A/G,G,A,C
Htz_260,A/C,A/G,G,G,C,G,A/G,A/T,A,C/G,A/G,A/G,A,A/G,A/G,C/G,G,A/G,A/G,A/C,A,A,G,G,A/G,A/G,A/G,A,A,G,A/G,A/G,G,G,A,A/G,G,A,A,A/C,A/G,A/G,A/C,A/C,A/G,A/G,A/G,A/G,A/G,A,A/G,A,G,A/G,A/G,A/G,G,A,G,G,G,C/G,G,C,A/G,C,G,G,G,G,A,C,A/G,A,A/G,A/G,G,A/G,C
Htz_271,A/C,A/G,G,G,C,G,A/G,A/T,A,C/G,A/G,A/G,A,A/G,A/G,C/G,G,A/G,A/G,A/C,A,A,G,G,A/G,A/G,A/G,A,A,G,A/G,A/G,G,G,A,A/G,G,A,A,A/C,A/G,A/G,A/C,A/C,A/G,A/G,A/G,A/G,A/G,A,A/G,--,G,A/G,A/G,A/G,G,A,G,G,G,C/G,G,C,A/G,C,G,G,G,G,A,C,A/G,A/G,A/G,A/G,G,A,C
Htz_238,A/C,A/G,G,G,C,G,A/G,A/T,A/G,C/G,A/G,A/G,A/G,G,A/G,C/G,G,G,G,A,A,A,G,A/G,G,A/G,A/G,A,A,G,A/G,A/G,G,G,A,A/G,G,A/G,A/G,A,A/G,G,A/C,A/C,G,A,A/G,A/G,G,A,A/G,A,G,A/G,A/G,G,G,A/G,G,G,G,C,G,C,A/G,C,G,G,A/G,A/G,A,C,A/G,A,A/G,A,G,A/G,C
Htz_250,A/C,A/G,G,G,C,G,A/G,A/T,A/G,C,G,G,A,A/G,A/G,C,G,A/G,A/G,A/C,A,A,A/G,G,A/G,A/G,A/G,A,A,G,G,A,G,G,A,A,A/G,A,A/G,C,G,A/G,A,C,A,G,A/G,G,--,A,A/G,G,G,G,G,A/G,G,A,G,G,G,G,G,C,A/G,C,G,A/G,A/G,--,A,C,G,A,A,A/G,G,G,C
Htz_261,A/C,A/G,G,G,C,G,A/G,A/T,A/G,C,G,G,A,A/G,A/G,C,G,A/G,A/G,A/C,A,A,A/G,G,A/G,A/G,A/G,A,A,G,G,A,G,G,A,A,A/G,A,A/G,C,G,A/G,A,C,A,G,A/G,G,A/G,A,A/G,G,G,G,G,A/G,G,A,G,G,G,G,G,C,A/G,C,G,A/G,A/G,G,A,C,G,A,A,A/G,G,G,C
Htz_272,A/C,A/G,G,G,C,G,A/G,A/T,A/G,C,G,G,A,--,A/G,C,G,A/G,A/G,A/C,A,A,A/G,G,A/G,A/G,A/G,A,A,G,--,A,G,G,A,A,A/G,A,A/G,C,G,A/G,A,C,A,G,--,G,--,A,A/G,G,G,G,G,A/G,G,A,G,G,G,G,G,--,A/G,C,--,A/G,--,--,A,C,G,A,A,A/G,G,G,C
Htz_190,A/C,A/G,G,G,C,G,A/G,A/T,A/G,C,G,G,A,A/G,G,C/G,G,A/G,A/G,C,A,A,G,G,A/G,G,A/G,A/G,A,G,G,A,G,G,A,A,G,A,A/G,A/C,G,A/G,A,C,A,A/G,A/G,A/G,--,A,A/G,A/G,G,G,G,A/G,G,A/G,A/G,G,G,C/G,G,C,A/G,C,G,A/G,A,G,A,C,G,G,A/G,A/G,G,A/G,C
Htz_214,A/C,A/G,G,G,C,G,A/G,T,A/G,C,G,G,A,A/G,G,C,G,A/G,A/G,A/C,A,A,A/G,G,A/G,A/G,A/G,A/G,A,A/G,G,A,A/G,A/G,A/G,A,G,A,A/G,C,G,A,A,C,A,G,A/G,A/G,A/G,A,A/G,G,G,G,G,A/G,G,A,G,C/G,G,G,G,C,A/G,A/C,G,A/G,A,G,A,C,G,G,A,A/G,A/G,A/G,C/G
Htz_191,A/C,A/G,G,G,C,G,A/G,T,A/G,C,G,G,A,A/G,G,C,G,A/G,A/G,C,A,A,G,G,A/G,G,A/G,A/G,A,G,G,A,G,G,A,A,G,A,A/G,C,G,A/G,A,C,A,G,G,G,--,A,A/G,A/G,G,G,G,A,G,A/G,G,G,G,C/G,G,C,A,C,G,A/G,A,G,A,C,G,G,A,A/G,G,A/G,C
Htz_203,A/C,G,A,A/G,C,G,G,A/T,A/G,C/G,A/G,A/G,A/G,G,A/G,C/G,G,G,G,A,A,A,A/G,A/G,G,A/G,A/G,A,A/G,G,A/G,A/G,A/G,A/G,A,A/G,G,A,A/G,A/C,A/G,A/G,C,A/C,A/G,A,A/G,A/G,G,A,A/G,A,G,A/G,A/G,A/G,G,A/G,A/G,G,G,C,A/G,C,G,C,A/G,A/G,G,G,A/G,C/G,A/G,A/G,A/G,A/G,G,A/G,C
Htz_215,A/C,G,A,--,C,G,G,A/T,A/G,C/G,A/G,A/G,A/G,G,A/G,C/G,G,G,G,A,A,A,A/G,A/G,G,A/G,A/G,A,A/G,G,A/G,A/G,A/G,A/G,A,A/G,G,A,A/G,A/C,A/G,A/G,C,A/C,A/G,A,A/G,A/G,G,A,A/G,A,G,A/G,A/G,A/G,G,A/G,A/G,G,G,C,A/G,C,G,C,A/G,A/G,G,G,A/G,C/G,A/G,A/G,A/G,A/G,G,A/G,C
Htz_204,A/C,G,A/G,A,C,G,A/G,T,A/G,C/G,A/G,A/G,A,G,A/G,C/G,G,G,G,A/C,A,A,G,G,G,A/G,G,A,A,G,A/G,A/G,A/G,A/G,A,A/G,A/G,A,A/G,A/C,A/G,A/G,C,A/C,A/G,A/G,A/G,A/G,G,A,A/G,A,G,A/G,A/G,A/G,A/G,A,G,G,G,C,G,C,G,C,G,A/G,A/G,G,A,C,A/G,A,A/G,A/G,A/G,A/G,C
Htz_228,A/C,G,A,G,C,G,G,A/T,A,C/G,A/G,A/G,A,A/G,A/G,C/G,G,A/G,A/G,A/C,A,A,G,G,A/G,A/G,A/G,A,A,G,A/G,A/G,G,G,A,A/G,G,A,A,A/C,A/G,A/G,A/C,A/C,A/G,A/G,A/G,A/G,A/G,A,A/G,A,G,A/G,A/G,A/G,G,A,G,G,G,C/G,G,C,A/G,C,G,G,A/G,G,A,C,A/G,A/G,A/G,A/G,G,A,C
Htz_251,A/C,G,A/G,G,C,G,A/G,A,A/G,C/G,A/G,A/G,A,G,A,C/G,G,G,G,A,A,A,A/G,G,G,A,G,A,A,G,A/G,A/G,G,G,A,A/G,A/G,A,A/G,A,A,G,A/C,A/C,G,A,A/G,A/G,G,A/C,A/G,A,G,A/G,A/G,A/G,G,A,G,C/G,A/G,C,G,C,G,A/C,G,G,A/G,G,A,C,A/G,A,G,A,G,A/G,C
Htz_262,A/C,G,A/G,G,C,G,A/G,T,A/G,C,G,G,A,G,A/G,C,G,G,G,A/C,A,A,G,A/G,G,A/G,A/G,A/G,A,G,A/G,A/G,A/G,A/G,A,A,A/G,A,G,A/C,A/G,A/G,A/C,C,A,G,A/G,A/G,G,A,G,A,G,G,G,A/G,A/G,A/G,A/G,G,G,C/G,G,C,G,C,G,G,A/G,G,A,C,G,A,G,A,G,A,C
Htz_273,A/C,G,A/G,G,C,G,G,A/T,A/G,C/G,A/G,A,A,A/G,A/G,C/G,A/G,A/G,A/G,A/C,A,A,G,G,G,A,G,A/G,A,G,A/G,A/G,A/G,G,A,A/G,G,A,A/G,A/C,A/G,G,A/C,A/C,G,A,A/G,A/G,G,A,A/G,A,G,A/G,A/G,A/G,A/G,A,G,G,G,C/G,G,C,G,C,G,G,G,G,A,C,A/G,A,G,A,G,A,C
Htz_193,A/C,G,A/G,G,C,G,G,T,A/G,C,G,G,A,A/G,G,C,G,A/G,A/G,A/C,A,A,A/G,G,A/G,A/G,A/G,G,A,A/G,G,A,A,A,A/G,A/G,G,A,G,A/C,A/G,A/G,A,A,A,G,A/G,G,G,A,G,G,G,G,G,G,G,A/G,G,G,G,C/G,G,C,A/G,C,G,A/G,A/G,G,A,C,G,A,G,A,G,A/G,C
Htz_205,A/C,G,A/G,G,C,G,G,T,A/G,C/G,G,G,A,A/G,A/G,C,G,G,G,A,A,A,G,A/G,G,A/G,A/G,G,A,G,A/G,A/G,A/G,A/G,A/G,A,G,A,G,A/C,A/G,G,A,A/C,A,G,A,A/G,G,A,A/G,A,G,G,G,G,G,G,A/G,C/G,G,C,A/G,C,G,A/C,G,G,A/G,G,A,C/G,G,A,A/G,A/G,A/G,A/G,C
Htz_217,A/C,G,G,A,C,G,A/G,T,A/G,C,G,G,A,G,A/G,C,A/G,G,G,A,A,A,G,A/G,G,A,A/G,G,A,A/G,A/G,A/G,A/G,A/G,A,A,G,A,G,A/C,A,G,A,C,A,A/G,A,A,G,A,G,A,G,G,G,A/G,A/G,A/G,A/G,C/G,G,C,G,C,G,C,G,G,A,G,A,C,G,A,G,A,G,A/G,C
Htz_229,A/C,G,G,G,C,A/G,A/G,A/T,A/G,C/G,G,A/G,A/G,G,A/G,C/G,G,G,G,A,A,A,G,A/G,G,A,A/G,G,A,G,A,A/G,G,G,A,A/G,G,A,G,A/C,A/G,G,A/C,A/C,A/G,G,G,A/G,G,A,A/G,A,G,G,A/G,G,G,A/G,A/G,G,G,C/G,G,C,G,C,G,G,G,G,A,C,G,A,G,A,G,A,C
Htz_252,A/C,G,G,G,C,G,A/G,T,A/G,C,G,G,A,A/G,A/G,C,G,G,G,A,A,A,G,G,G,G,A/G,A/G,A,A/G,G,A,G,A/G,A,A,G,A,G,A/C,A/G,G,C,A/C,A/G,A/G,--,G,G,A,G,G,G,G,G,A/G,A/G,A/G,G,G,G,C,G,C,G,C,G,G,A,A/G,A,C,G,G,A/G,A/G,G,G,C
Htz_263,A/C,G,G,G,C,G,A/G,T,G,C,G,G,G,G,G,C,A/G,G,G,A,A,A,A,A/G,G,A/G,A/G,A,A,G,G,A,A,A,A/G,A,G,A,A/G,A/C,G,A/G,C,A,A,G,A,A/G,G,A,G,G,A/G,G,G,G,G,A/G,G,G,A/G,C,G,C,G,A/C,G,G,A/G,G,A,C/G,G,A/G,A/G,A,G,A,C
61/10_264,A/C,G,G,G,C,G,G,A,A/G,C/G,A/G,A/G,A,G,A/G,C/G,G,G,A/G,A/C,A,A,G,G,G,A,G,A/G,A,G,A/G,A/G,G,G,A,A/G,G,A,A/G,A/C,A/G,G,C,A/C,A/G,A,A,A/G,G,A,A,A,G,A/G,A/G,A/G,A/G,A,G,G,G,C/G,G,C,G,C,G,G,A/G,G,A,C,A/G,A/G,A/G,A/G,G,A/G,C
61/10_275,A,G,G,A,C,G,A/G,T,A/G,C,G,A/G,A,A/G,A/G,C,A/G,A/G,A/G,A/C,A,A,G,A/G,A/G,A/G,A,A/G,A,G,A/G,A/G,G,G,A,A,G,A,A/G,A/C,A/G,A/G,A,C,A,G,A/G,A/G,A/G,A,G,A,G,G,G,A/G,G,A/G,A/G,G,G,C/G,G,C,A/G,C,G,G,A/G,G,A,C,G,A,A/G,A/G,G,A/G,C
61/10_195,A,G,G,A/G,C,G,G,A,A,G,A,A,A,G,A,G,G,G,G,A,A,A,G,G,G,A,G,A,A,G,A,G,G,G,A,G,G,A,A,A,A,G,C,A,G,A,A,A,G,A,A,A,G,A,A,G,G,A,G,G,G,C,G,C,G,C,G,G,G,G,A,C,A,A,G,A,G,A,C
2_243,A,G,G,A/G,C,G,G,A/T,A/G,C/G,A/G,A,A,A/G,A/G,C/G,A/G,A/G,A/G,A/C,A,A,G,G,G,A,G,A/G,A,G,A/G,A/G,A/G,A/G,A,A/G,G,A,A,A,A,G,A/C,A,A/G,A/G,A/G,A/G,G,A,A,--,G,A/G,A/G,A/G,A/G,A,G,C/G,G,C/G,G,A/C,G,C,G,A/G,A/G,G,A,C,A/G,A/G,A/G,A/G,G,A/G,C
73_208,A,G,G,A/G,C,G,G,A/T,A/G,C/G,A/G,A/G,A/G,G,A/G,C/G,G,A/G,A/G,A/C,A,A,A/G,G,G,A/G,G,A/G,A,A/G,A/G,A/G,A/G,A/G,A/G,G,G,A,A/G,A/C,A/G,G,A/C,A/C,G,A,A/G,A/G,G,A,A/G,A,A/G,A/G,A/G,G,G,A/G,G,C/G,G,C,G,C,G,C,G,G,G,G,A,C/G,A/G,A/G,A/G,A/G,G,A/G,C
71/75_220,A,G,G,--,C/G,A/G,G,A/T,A/G,C/G,A/G,A/G,A,G,A,C/G,A/G,G,G,--,A,A/G,A/G,G,G,A/G,G,A/G,A,A/G,A/G,A/G,G,G,A,A/G,--,A,A/G,A,A,G,C,A,A/G,A/G,A/G,A/G,G,A,A,A,A/G,A/G,A/G,G,G,A/G,G,C/G,G,C,G,A/C,G,C,G,G,G,G,A,C,A/G,A,A/G,A,A/G,A,C
63/15_255,A,G,G,G,C/G,A/G,G,A/T,A/G,C/G,A/G,A/G,A,G,A,C/G,A/G,G,G,--,A,A/G,A/G,G,G,A,G,A/G,A,A/G,A/G,A/G,G,G,A,A/G,A/G,A,A/G,A,A,G,C,A,A/G,A/G,A/G,A/G,G,A,A,A,A/G,A/G,A/G,G,G,A/G,G,C/G,G,C,G,A/C,G,C,G,G,G,G,A,C,A/G,A,A/G,A,A/G,A,C
63/15_266,A,G,G,G,C/G,A/G,G,A/T,A/G,C/G,A/G,A/G,A,G,A,C/G,A/G,G,G,A/C,A,A/G,A/G,G,G,A,G,A/G,A,A/G,A/G,A/G,G,G,A,A/G,A/G,A,A/G,A,A,G,C,A,A/G,A/G,A/G,A/G,G,A,A,A,A/G,A/G,A/G,G,G,A/G,G,C/G,G,C,G,A/C,G,C,G,G,G,G,A,C,A/G,A,A/G,A,A/G,A,C
63/15_277,A,G,G,G,C,G,A/G,T,G,C,G,G,G,G,G,C,G,G,G,C,A,A,G,G,A,G,A,G,A,G,G,A,G,G,A,G,G,A,G,C,G,A,A,C,A,G,G,G,A,A,G,G,G,G,G,A,G,A,G,C,G,C,A,C,A,A,G,G,--,G,G,C,G,G,A,G,A,G,C
63/15_197,A,G,G,G,C,G,G,A,A,G,A,A,A,G,A,G,G,G,G,A/C,A,A,G,G,G,A,A/G,A,A,G,A,G,G,G,A,G,G,A,A,A,A,G,C,A,G,A,A,A,G,A,A,A,G,A,A,G,G,A,G,G,G,C,G,A/C,G,C,G,G,G,G,A,C,A,A/G,G,A,G,A,C
21_209,C,A,A,A,C,G,G,T,G,C,G,G,G,G,G,C,G,G,G,C,A,A,A/G,G,G,A/G,G,A/G,A,A,G,A,G,A/G,A/G,A,G,A,G,C,G,A/G,C,A,G,G,G,A/G,G,A,A/G,G,G,G,G,G,G,A,A/G,G,G,C/G,A/G,C,G,C,G,A/G,A,G,A,C,G,A/G,A,G,A,G,C
5_233,C,--,A,A,C,G,G,T,G,C,G,A/G,G,G,G,C,G,G,G,A,A,A,A,A,G,G,A,A,G,G,G,A,A,A,A,A,G,A,A/G,C,G,A,C,C,A,A/G,G,G,G,A,G,A,G,G,G,A/G,G,G,A/G,G,G,C,A,C,G,C,A,A,G,G,G,G,G,G,A,G,G,A/G,C
40310_245,C,A,A/G,A,C,G,A/G,T,G,C,G,G,A,G,A,C,G,G,G,A,A,A,G,G,G,A/G,G,A,A,G,A,G,G,G,A,G,G,A,A,A,G,A,C,C,A,G,G,G,G,A,A,G,G,G,G,A/G,G,A/G,A/G,G,G,C/G,A/G,C,G,C,G,A/G,G,G,A/G,C,G,G,A,A/G,G,G,C
40310_256,C,A,A,G,C,G,G,T,G,C,G,G,A,G,A,C,A,G,G,C,A,G,A,G,G,A,G,G,A,A,G,A,G,G,A,A,A,A,G,A,A,G,C,A,A,G,G,G,G,A,A,G,G,G,G,A/G,G,A,G,G,A,G,G,C,G,C,G,G,G,G,A,C,G,A,G,A,G,G,C
40310_267,C,A,A/G,G,C,G,A,T,A/G,C,G,G,A/G,G,A/G,C,G,G,G,A,A,A,G,A/G,G,G,A/G,A/G,A,A/G,G,A,G,A/G,A,A,G,A/G,G,A,A/G,G,A/C,A/C,G,A,G,G,G,A,G,G,G,G,G,A/G,A/G,A/G,G,G,G,C,G,C,A/G,C,G,G,A,A,A,C,G,A/G,A,A,G,G,C
40310_278,C,A/G,A,A,C,G,A/G,T,G,C,G,A/G,A/G,G,A/G,C/G,A/G,G,G,--,A,A,A/G,A/G,G,G,A,A,A,G,G,A,A/G,A/G,A,A,G,A,G,C,G,A/G,A,C,A/G,A/G,G,G,G,A,G,A,G,G,G,A/G,A/G,A/G,G,G,G,C/G,G,C,A/G,C,G,G,A/G,A/G,A,C,G,A,A/G,A,G,A/G,C
24_340,C,A/G,A,A/G,C,G,A/G,A/T,G,C,G,G,A,G,A,C,G,G,G,A/C,A,A,A,G,G,A,A/G,A/G,A,G,G,A,A/G,G,A,A/G,A/G,A,G,C,G,A/G,A,A/C,A,G,A,G,G,A,A/G,G,A,A/G,G,A/G,A/G,G,G,C,G,C,G,C,G,C,G,A/G,A/G,G,A,C/G,G,G,A,G,G,G,C
24_352,C,A/G,A,A/G,C,G,A/G,T,A/G,C,G,G,A/G,G,A/G,C,A/G,A/G,G,A/C,A,A,A,A,G,A/G,A/G,G,A,A/G,G,A,G,G,A,A,A/G,A,G,C,G,G,A,A/C,A,G,G,G,G,A,A/G,A/G,A/G,G,A/G,G,G,A/G,G,C/G,G,C,G,C,G,C,G,A/G,A/G,G,A,C/G,G,G,A,G,G,G,C
62/15_292,C,A/G,A/G,A,C,G,A/G,T,A/G,C,G,G,A,G,A/G,C,G,G,G,A/C,A,A,G,A/G,G,G,A,A,A/G,G,G,A,A/G,A/G,A,A,G,A,G,C,A/G,A/G,A/C,A/C,A,A/G,G,G,G,A,G,A,G,G,A/G,A/G,G,A/G,A/G,C/G,G,C,A,C,A/G,A/C,G,G,A,A/G,A/G,C,G,A/G,A,A/G,A/G,G,C
62/15_304,C,A/G,A/G,A/G,C,G,A/G,T,A/G,C,G,G,A,G,G,C,G,G,G,A/C,A,A,A/G,A/G,G,A/G,A/G,A/G,A,A,G,A,A/G,A/G,A,A/G,A/G,A,G,C,G,G,C,A/C,A/G,A,A,A/G,G,A,G,A/G,A/G,A/G,A/G,A/G,G,A/G,A/G,C/G,G,C,A,C,G,A/C,G,A/G,G,G,A/G,C,G,A/G,A/G,A/G,A/G,A/G,C
62/15_316,C,A/G,A,G,C,G,A,A/T,G,C,G,A/G,A,G,A,C/G,G,G,G,A,A,A,A/G,G,G,A/G,A/G,A,A,G,G,A,G,G,A,A,A/G,A,G,C,G,G,A,C,A/G,A/G,A/G,G,G,A,A/G,G,A/G,A/G,G,A/G,A/G,G,G,C/G,A/G,C,G,A/C,A/G,C,G,G,G,A/G,A,C,G,A/G,A,A,G,G,C
62/15_328,C,A/G,A,G,C,G,A/G,A/T,A/G,C/G,A/G,G,A/G,A/G,G,C,G,G,G,A,A,A,A/G,A/G,G,A/G,A/G,A/G,A,G,G,A,A,A,A,A,G,A,G,C,G,G,A,A/C,A,A/G,G,G,G,A/C,G,A,A/G,G,A,A/G,A/G,A,A/G,C/G,A/G,C/G,G,C,A/G,C,G,A/G,A/G,G,A/G,C,G,A/G,A,G,A,A/G,C
R12/B19_293,C,A/G,A,G,C,G,A/G,T,G,C,G,A/G,A/G,G,G,C,A/G,G,A/G,A/C,A,A,A/G,A,G,G,A,A/G,A,A/G,G,A,G,G,A,A,G,A/G,G,A/C,A/G,G,A/C,A/C,A,G,A/G,G,G,A,G,G,A/G,G,G,G,G,A/G,G,C/G,G,C,G,C,G,C,G,A,A/G,G,A,C,A/G,A/G,A/G,A/G,G,A/G,C
R12/B21_305,C,A/G,A,G,C,G,A/G,T,G,C,G,G,G,G,G,C,--,G,G,A,A,A,A,A/G,G,G,A,G,A,G,G,A,G,G,A,A,G,A,G,C,G,G,A,C,A,G,G,G,G,A,A/G,G,A/G,G,G,G,G,A/G,G,C,G,C/G,G,C,G,C,G,A,A/G,G,A,C,G,G,A,G,G,G,C
R12/B19_317,C,A/G,A,G,C,G,G,T,G,C,G,G,G,G,G,C,A,G,G,A,A,A,A,A,G,G,A,A/G,A,G,G,A,G,G,A,A,G,A,G,C,G,G,A,C,A,G,G,G,G,A,G,G,A,G,G,G,G,G,G,C,G,C,G,C,G,C,G,A,A,G,A,C,G,G,A,G,G,G,C
R12/B21_329,C,A/G,A,G,C,G,G,T,G,C,G,G,G,G,G,C,A,G,G,A,A,A,A,A,G,G,A,G,A,G,G,A,G,G,A,A,G,A,G,C,G,G,A,C,A,G,G,G,G,A,G,G,A,G,G,G,G,G,G,C,G,C,G,C,G,C,G,A,A,G,A,C,G,G,A,G,G,G,C
R12/B21_341,C,A/G,A/G,G,C,A/G,A/G,T,A/G,C/G,G,G,A/G,A/G,A/G,C,G,G,G,A,A,A,G,G,G,A,A,A,A,G,G,A,G,A/G,A/G,A,G,A,G,C,G,A,A/C,A/C,A/G,A,A/G,A/G,G,A/C,A/G,A,G,A/G,A/G,G,G,A,G,G,G,C,G,C,G,C,G,G,A/G,G,A,C,A/G,A,G,A,G,A/G,C
R12/B19_364,C,A/G,A/G,G,C/G,A/G,A/G,T,G,C,G,G,A,G,A/G,C,A/G,G,G,A/C,A,A/G,A/G,G,G,A/G,G,G,A,A,G,A,G,G,A,A,A/G,A,G,A/C,A/G,G,C,A,A,A/G,A/G,G,G,A,A/G,G,A/G,A/G,A/G,G,G,A,G,C/G,A/G,C/G,G,C,G,C,G,G,G,G,A,C,A,A/G,A/G,A/G,A/G,A/G,C
R12/B21_281,C,A/G,A/G,G,C,G,A/G,A/T,A/G,C/G,A/G,A/G,A/G,G,A/G,C/G,G,G,G,A,A,A,G,A/G,G,A/G,A/G,A,A,G,A/G,A/G,G,G,A,A/G,G,A/G,A/G,A,A/G,G,A/C,A/C,G,A,A/G,A/G,G,A,A/G,A,G,A/G,A/G,G,G,A/G,G,G,G,C,G,C,A/G,C,G,G,A/G,A/G,A,C,A/G,A,A/G,A,G,A/G,C
R12/B21_353,C,A/G,A/G,G,C/G,A/G,G,T,G,C,G,G,A,G,A,C,A,G,G,C,A,G,A,G,G,A,G,G,A,A,G,A,G,G,A,A,A,A,G,A,A,G,C,A,A,G,G,G,G,A,A,G,G,G,G,A/G,G,A,G,G,A,G,G,C,G,C,G,G,G,G,A,C,A,A,G,A,G,A,C
R11/B19_282,C,A/G,A/G,G,C,G,A/G,T,G,C,A/G,A/G,A/G,G,A/G,C/G,G,G,A/G,A/C,A,A,G,A/G,G,A/G,A/G,A/G,A,A/G,G,A,G,G,A,A,G,A/G,G,A/C,G,A/G,A/C,A/C,A/G,A/G,A/G,G,G,A,G,G,A/G,A/G,G,A/G,A/G,G,G,G,A/G,C,G,C,A/G,C,G,G,A,A/G,A,C,G,A,A/G,A,G,A/G,C
R11/B11_294,C,A/G,A/G,G,C,G,A/G,T,G,C,G,G,A,G,G,C,G,G,G,A,A,A/G,G,A/G,G,A/G,G,A/G,A,A,G,A,G,A/G,A,A,A/G,A/G,G,A/C,G,G,C,C,A/G,A/G,A,G,G,A,G,G,A/G,A/G,G,G,G,A/G,G,G,G,C,G,C,G,C,G,A/G,A/G,A/G,A,C,A/G,A/G,A/G,G,--,G,C
R11/B11_306,C,A/G,A/G,G,C,G,A/G,T,G,C,G,G,G,G,G,C,A/G,G,G,A,A,A,A/G,A,G,G,A,A/G,A,G,G,A,G,G,A,A,G,A/G,G,A/C,G,G,A,C,A/G,A/G,G,G,G,A,G,G,A,G,G,G,G,G,G,C/G,G,C,G,C,A/G,C,G,A/G,A,A/G,A,C,G,A/G,A,A/G,G,G,C
R11/B12_330,C,A/G,A/G,G,C,G,A/G,T,G,C,G,G,G,G,G,C,A/G,G,G,A,A,A,A/G,A,G,G,A,A/G,A,G,G,A,G,G,A,A,G,A/G,G,A/C,G,G,A,C,A/G,A/G,G,G,G,A,G,G,A/G,G,G,G,G,G,G,C/G,G,C,G,C,A/G,C,G,A/G,A,A/G,A,C,G,A/G,A,A/G,G,G,C
R11/B2_354,C,A/G,A/G,G,C,G,A/G,T,G,C,G,G,G,G,G,C,G,G,G,A/C,A,A,G,A,G,A/G,A/G,A/G,A,A/G,G,A,A/G,G,A/G,A,G,A/G,G,A/C,G,G,A/C,A/C,A/G,A/G,A/G,G,G,A,G,G,G,G,G,G,G,A/G,G,G,G,C,G,C,A/G,C,G,A/G,A/G,A/G,A,C,A/G,A,A/G,A,G,A/G,C
R11/B19_365,C,A/G,A/G,G,C,G,A,T,A/G,C,G,G,A/G,G,A/G,C,G,G,G,A,A,A,G,A/G,G,G,A/G,A/G,A,A/G,G,A,G,A/G,A,A,G,A/G,G,A,A/G,G,A/C,A/C,G,A,G,G,G,A,G,G,G,G,G,A/G,A/G,A/G,G,G,G,C,G,C,A/G,C,G,G,A,A,A,C,G,A/G,A,A,G,G,C
R11/B5_318,C,A/G,A/G,G,C,G,A,T,G,C,G,A/G,A/G,G,A/G,C/G,G,G,G,A,A,A,G,A/G,G,G,A,A,A,G,G,A,G,G,A,A,G,A/G,G,A/C,G,G,A,C,G,A,G,G,G,A,G,G,G,G,G,G,G,G,G,G,G,C,G,C,A,C,G,G,A,A,A,C,G,A,A,A,G,G,C
8/11_319,C,A/G,A/G,G,C,G,A,T,G,C,G,G,G,G,G,C,G,G,G,A,A,A,A/G,A/G,G,A/G,A/G,A/G,A,G,G,A,G,G,A,A,G,A/G,G,A/C,G,G,A,C,A/G,A/G,A/G,A/G,G,A,G,A,G,G,G,G,G,G,A/G,G,G,C,G,C,A/G,C,G,G,A,A/G,A,C,G,A,A/G,A,G,A/G,C
2/11_343,C,A/G,A/G,G,C,G,G,A/T,A/G,C/G,A/G,A/G,A/G,G,A/G,C/G,G,G,G,A,A,A,G,G,G,A/G,A/G,A,A,G,A/G,A/G,A/G,A/G,A/G,A/G,G,A/G,A/G,A/C,A/G,G,A/C,A/C,A/G,A/G,A/G,A/G,G,A/C,A/G,A,G,A/G,A/G,G,G,A,G,G,A/G,C,G,C,G,A/C,G,A/G,A/G,G,A,C,A/G,A/G,A/G,A/G,G,A/G,C
2/11_355,C,A/G,A/G,G,C/G,G,G,T,A/G,C,G,G,G,G,G,C,G,G,G,A,A,A/G,G,A/G,G,A,G,G,A,G,G,A,A/G,G,A,A,G,A,G,C,A/G,G,C,A/C,A,A/G,A/G,G,G,A,A,--,G,G,G,A,G,A/G,G,G,G,C,A/G,C,G,A/C,G,A/G,A/G,G,G,C,G,A/G,A,G,A/G,G,C
11a/19_332,C,A/G,A/G,G,C,G,G,T,A/G,C,G,G,A/G,G,A/G,C,A/G,G,G,A,A,A,A/G,A/G,G,G,A,A,A/G,G,G,A,A/G,A/G,A,A,G,A,G,C,A/G,A/G,A/C,A/C,A,A/G,G,G,G,A,G,A,G,G,A/G,A/G,G,A/G,A/G,C/G,G,C,A,C,A/G,A/C,G,G,A,A/G,A/G,C,G,A/G,A,A/G,A/G,G,C
R103/B8_344,C,A/G,A/G,G,C,G,G,T,A/G,C,G,G,A/G,G,A/G,C,A/G,G,G,--,A,A,A/G,A/G,G,G,A,A,A/G,G,G,A,A/G,A/G,A,A,G,A,G,C,A/G,A/G,A/C,A/C,A,A/G,G,G,G,A,G,A,G,G,A/G,A/G,G,A/G,A/G,C/G,G,C,A,C,A/G,A/C,G,G,A,A/G,A/G,C,G,A/G,A,A/G,A/G,G,C
11/11_308,C,A/G,A/G,G,C,G,G,T,A/G,C/G,G,G,A/G,A/G,G,C,A/G,G,G,A,A,A,A/G,G,G,A/G,A/G,A/G,A,G,G,A,G,A/G,A/G,A,G,A,A/G,A/C,G,A/G,C,A/C,A/G,A,A,A/G,G,A,A/G,A,G,A/G,A/G,G,G,A,G,G,G,C,A/G,C,G,A/C,G,G,G,G,A,C,A/G,A,G,A,G,A,C
11/11_320,C,A/G,G,A/G,C,G,A/G,T,G,C,G,G,A,G,A,C,G,G,G,A,A,A,A/G,G,G,G,A/G,A/G,A,G,G,A,A/G,A,A/G,A/G,G,A/G,G,A/C,A/G,G,A,C,G,A/G,A,G,G,A,A/G,G,G,G,G,G,G,A,G,C/G,G,C/G,G,C,G,A/C,G,A/G,A/G,G,A/G,C,G,A/G,A/G,A,A/G,A/G,C
R103/R103_366,C,A/G,G,A/G,C/G,G,A/G,T,G,C,G,G,G,G,G,C,A,G,G,A/C,A,A/G,A/G,A/G,G,G,A,A,A,G,G,A,A,A/G,A/G,A,G,A,G,C,A/G,A/G,A,C,A,G,A,A,G,A,G,A,G,G,G,G,G,G,A/G,G,G,C/G,G,C,G,C,G,A/G,A,G,A,C,G,A/G,A/G,A/G,G,A/G,C
R103/B19_356,C,A/G,G,G,C/G,A/G,A/G,A/T,G,C,G,G,A/G,G,A/G,C,G,G,A/G,A/C,A,A,A/G,A/G,G,A,G,A,A,G,G,A/G,G,A/G,A/G,A,G,A,G,A/C,A/G,G,A,C,A/G,A/G,A,A/G,G,A,G,G,A/G,G,G,G,G,A/G,G,G,G,G,A/G,C,G,A/C,G,G,G,G,A,C,G,A,A,A/G,A/G,G,C
2/11b_284,C,A/G,G,G,C/G,A/G,A/G,T,G,C,G,G,A/G,G,A/G,C,A/G,G,G,A/C,A,A/G,A/G,A/G,G,A/G,A/G,A/G,A,A/G,G,A,G,G,A,A,A/G,A/G,G,A,A/G,G,A/C,A/C,A/G,A/G,G,G,G,A,A/G,G,A/G,G,G,G,G,G,G,C/G,G,C,G,A/C,A/G,C,G,G,A/G,A/G,A,C,G,A,A,A,A/G,A/G,C
R103/R103_285,C,A/G,G,G,C,G,A/G,A/T,A/G,C/G,A/G,A/G,A,G,A,C/G,G,G,G,A,A,A,A/G,G,G,A,G,A/G,A,G,A/G,A/G,A/G,A/G,A/G,A/G,G,A,A/G,A/C,A/G,G,A/C,A,A/G,A/G,A,A/G,G,A,A,A,A/G,A/G,A,G,G,A,G,G,G,C,G,C,G,C,G,G,A/G,G,A,C,A/G,A,G,A,G,A,C
R105/B19_345,C,A/G,G,G,C,G,A/G,A/T,A/G,C/G,A/G,A/G,A,G,A,C/G,G,G,G,--,A,A,A/G,G,G,A,G,A/G,A,G,A/G,A/G,A/G,A/G,A/G,A/G,G,A,A/G,A/C,A/G,G,A/C,A,A/G,A/G,A,A/G,G,A,A,A,A/G,A/G,A,G,G,A,G,G,G,C,G,C,G,C,G,G,A/G,G,A,C,A/G,A,G,A,G,A,C
R103/B8_297,C,A/G,G,G,C,G,A/G,T,A/G,C,G,G,A,G,A,C,G,G,G,A,A,A,A/G,A/G,G,A/G,A/G,G,A,G,A/G,A/G,G,A/G,A,A,G,A,G,A/C,A/G,G,A,C,A/G,G,A,A/G,G,A,G,A,G,G,G,G,G,A/G,A/G,G,G,C,G,C,G,A/C,G,A/G,A/G,G,A/G,C,G,A/G,A/G,A,A/G,A,C
R103/B8_309,C,A/G,G,G,C,G,A/G,T,G,C,G,A/G,A/G,A/G,G,C,A/G,A/G,A/G,A/C,A,A,G,A/G,G,A/G,A/G,A/G,A,G,G,A,A/G,G,A,A,G,A/G,G,A/C,G,G,A,C,G,A,G,G,G,A,G,G,G,G,G,A/G,A/G,A/G,G,G,G,C/G,G,C,A/G,C,G,G,A/G,A/G,A,C,G,A,A/G,A,G,A/G,C
R109/B2_358,C,A/G,G,G,C,G,A/G,T,G,C,G,G,A/G,G,G,C,G,G,G,A,A,A,A/G,A/G,G,A/G,A/G,A/G,A,G,G,A,A/G,A/G,A,A,G,A,G,A/C,A/G,G,A,C,G,A/G,A/G,G,G,A/C,G,G,G,G,G,A/G,G,A,G,C/G,G,C/G,G,C,G,A,G,A,A/G,G,A/G,C,G,G,A,A,A,A/G,C
R109/B2_368,C,A/G,G,G,C,G,A/G,T,G,C,G,G,G,G,G,C,G,G,G,--,A,A,A/G,A,G,A,A,A,A,G,G,A,A,G,A,A,G,A,G,A,A/G,G,A,C,G,A,G,G,G,C,G,G,G,G,G,A,G,A,G,C,G,G,G,C,G,A,G,A,A,G,A,C,G,G,A,A,A,G,G
R101/B8_334,C,A/G,G,G,C,G,A,T,G,C,G,G,G,G,G,C,G,G,G,A,A,A,G,A,G,G,A,A,A,G,G,A,G,G,A,A,G,G,G,A,G,G,A,C,G,A,G,G,G,A,G,G,G,G,G,G,G,G,G,G,G,C,G,C,A,C,G,G,A,A,A,C,G,A,A,A,G,G,C
R101/B8_346,C,G,A,A,C,G,A/G,A/T,A,C/G,A/G,A/G,A,G,A,C/G,G,G,G,A,A,A,G,A/G,G,A,A/G,A/G,A,G,A,G,G,G,A,A/G,G,A,A/G,A,A,G,A/C,A/C,A/G,A/G,A,A,G,A,A/G,A,G,A/G,A/G,G,G,A/G,A/G,G,G,C,G,C,G,C,G,G,A/G,G,A,C,A/G,A,G,A,G,A,C
R105/B19_298,C,G,A,A,C,G,A/G,A/T,G,C,G,G,A/G,G,A/G,C,G,G,G,A,A,A,A,A/G,G,A/G,A/G,A,A/G,G,G,A,A/G,A/G,A,A,A/G,A,G,C,G,A/G,A/C,C,A,A/G,A/G,G,G,A,A/G,A/G,A/G,A/G,G,A,A/G,G,A/G,C/G,A/G,C,A/G,A/C,G,C,A/G,A/G,G,G,A/G,C/G,G,G,A,A/G,G,G,C
R101/B8_310,C,G,A,A,C,G,A/G,T,A/G,C,G,G,A/G,G,G,C,A/G,G,G,A/C,A,A,A/G,G,G,G,G,A/G,A,G,G,A,A/G,A/G,A,A,A/G,A,A/G,A/C,G,A/G,C,C,A/G,A/G,A/G,G,G,A,G,G,G,G,G,A/G,A/G,A,G,G,G,C,A/G,C,G,A/C,G,A/G,A/G,G,A,C,G,A,A/G,A/G,A/G,A/G,C
R101/R6_322,C,G,A,A,C,G,A/G,T,G,C,A/G,A,A,G,A,G,G,G,A/G,A/C,A,A,G,G,G,A/G,A/G,A/G,A,A/G,G,A,G,G,A,A,G,A,G,C,G,G,A,C,A/G,A/G,A/G,A/G,G,A,G,G,G,G,G,A/G,G,A/G,G,C/G,A/G,C,G,C,A/G,C,G,A/G,A,A/G,A,C,G,A/G,A,A,A/G,G,C/G
R109/B2_299,C,G,A,A,C,G,A/G,T,G,C,G,A/G,A/G,G,A/G,C/G,G,G,G,A,A,A,A/G,A/G,G,G,A,A,A/G,G,G,A,A/G,A/G,A,A,G,A,G,C,G,A/G,A/C,C,A/G,A,G,G,G,A,G,A,G,G,G,A/G,G,G,A/G,G,G,C,A/G,C,A/G,C,A/G,A/G,A/G,A/G,A/G,C/G,G,A/G,A,A/G,G,G,C
R2/B8_259,C,G,A,A,C,G,A/G,T,G,C,G,G,A,G,G,C,G,G,G,C,A,A,G,G,A/G,G,A/G,A/G,A,G,G,A,A/G,A/G,A,A/G,A/G,A,G,C,G,A,A/C,C,A,G,G,G,A/G,A,G,G,G,G,G,A,A/G,A,G,C/G,G,C,A/G,C,A/G,A/C,G,A/G,A,G,A/G,C,G,A/G,A,G,A,G,C
R2/B8_369,C,G,A,A,C,G,A/G,T,G,C,G,G,G,G,G,C,G,G,G,A,A,A,A,A/G,G,G,A,A,A/G,G,G,A,A/G,A/G,A,A,G,A/G,G,A/C,G,A,A/C,C,A,A,G,G,G,A,G,A,G,G,G,--,G,A/G,A/G,G,G,C,A,C,G,A/C,G,A/G,G,A/G,G,C/G,G,A/G,A,A/G,G,--,C
R1/B19_311,C,G,A,A,C,G,A,T,G,C,G,A,A,G,A,G,G,G,G,A,A,A,G,G,G,G,A,A,A,G,G,A,G,G,A,A,A/G,A,G,C,G,G,A,C,A/G,A/G,A/G,G,G,A,A/G,G,G,G,G,G,G,A/G,G,G,G,C/G,G,C,A/G,C,G,A/G,A,A/G,A,C,G,A,A,A,G,G,C
R1/B19_323,C,G,A,A,C,G,A,T,G,C,G,A,A,G,A,G,G,G,G,A,A,A,G,G,G,G,A,A,A,G,G,A,G,G,A,A,A/G,A,G,C,G,G,A,C,G,A,G,G,G,A,G,G,G,G,G,G,G,G,G,G,G,C,G,C,A,C,G,G,A,A,A,C,G,A,A,A,G,G,C
R1/B19_347,C,G,A,A,C,G,A,T,G,C,G,A,A,G,A,G,G,G,G,A,A,A,G,G,G,G,A,A,A,G,G,A,G,G,A,A,--,A,G,C,G,G,A,C,A/G,A/G,A/G,G,--,A,A/G,G,G,G,G,G,G,A/G,G,G,G,C/G,G,C,A/G,C,G,A/G,A,A/G,A,C,G,A,A,A,G,G,C
R1/B19_335,C,G,A,A,C,G,A,T,G,C,G,A,A,G,A,G,G,G,G,A,A,A,G,G,G,G,A,A,A,G,G,A,G,G,A,A,--,A,G,C,G,G,--,C,A/G,--,A/G,G,--,A,A/G,G,G,G,G,G,G,A/G,G,G,G,C/G,G,--,A/G,C,G,A/G,--,A/G,A,--,G,A,A,A,G,G,C
R2/B8_288,C,G,A,A,C,G,A,T,G,C,G,A,A,G,A,G,G,G,G,A,A,A,G,G,G,G,A,A,A,G,G,A,G,G,A,A,G,A,G,A/C,G,G,A,C,G,A,G,G,G,A,G,G,G,G,G,G,G,G,G,G,G,C,G,C,A,C,G,G,A,A,A,C,G,A,A,A,G,G,C
R2/B8_300,C,G,A,A,C,G,A,T,G,C,G,A/G,A,G,A,C/G,G,G,G,A,A,A,G,G,G,A,A/G,A/G,A,G,G,A,A/G,A/G,A/G,A/G,G,A/G,G,A/C,A/G,G,A,C,G,A,G,G,G,A,G,A,G,G,G,A/G,G,G,A/G,G,G,C,A/G,C,A,C,G,A/G,A,A/G,A,C,G,A,A,A/G,A/G,G,C
R3/B2_336,C,G,A,A,C,G,A,T,G,C/G,G,A,A,G,A,G,G,G,G,A,A,A,G,G,G,G,A,A,A,G,G,A,G,G,A,A,G,A,G,C,G,G,A,C,G,A,G,G,G,A,G,--,G,G,G,G,G,G,G,G,G,C,G,C,A,C,G,G,A,A,A,C,G,A,A,A,G,G,C
R5/B8_361,C,G,A,A,C,G,A,T,G,C,G,G,A/G,G,G,C,G,G,G,A/C,A,A,A/G,A/G,G,G,A/G,A,A,G,G,A,A,A,A,A,A/G,A,G,C,G,A,A/C,C,A,G,G,G,G,A,G,A,G,G,G,A,A,A,G,G,G,C/G,G,C,G,C,G,A/G,A/G,G,A,C,G,A,A/G,A/G,A/G,A/G,C
R5/B8_371,C,G,A,A,C,G,G,A/T,A/G,C/G,A,A,A,G,A,G,G,G,A/G,A/C,A,A,G,G,G,A,G,A/G,A,A/G,A/G,A/G,G,G,A,A/G,G,A,A/G,A/C,A/G,G,A/C,A/C,A/G,A/G,A,A,G,A,A/G,A,G,A/G,A/G,A/G,G,A,G,C/G,A/G,C,G,C,G,C,G,A/G,A/G,G,A,C,A/G,A/G,A/G,A,A/G,A/G,C/G
R5/11_325,C,G,A,A,C,G,G,T,A,C,G,G,G,G,G,C,A,G,G,A,A,A,A,G,G,A/G,G,G,A,G,G,A,G,G,A,A,G,A,A,A,--,G,C,C,G,A,A,G,G,A,G,--,G,G,G,G,G,A,G,G,G,C,A,C,G,A,G,G,G,G,A,C,G,A,G,A,G,A,C
R4/B8_301,C,G,A,A,C,G,G,T,A,C,G,G,G,G,G,C,A,G,G,A,A,A,A,G,G,G,A/G,G,A,G,G,A,G,G,A,A,G,A,A,A/C,G,G,C,C,G,A,A,G,G,A,G,G,G,G,G,G,G,A,G,G,G,C,A,C,G,A,G,G,G,G,A,C,G,A,G,A,G,A,C
R4/B8_313,C,G,A,A,C,G,G,T,A,C,G,G,G,G,G,C,A,G,G,A,A,A,A,G,G,G,G,G,A,G,G,A,G,G,A,A,G,A,A,A,G,G,C,C,G,A,A,G,G,A,G,G,G,G,G,G,G,A,G,G,G,C,A,C,G,A,G,G,G,G,A,C,G,A/G,G,A,G,A,C
R5/B8_337,C,G,A,A,C,G,G,T,A,C,G,G,G,G,G,C,A/G,G,G,A,A/C,A,A,G,G,G,G,G,A,G,G,A,G,G,A,A,G,A,A,A/C,G,G,C,C,G,A,A/G,G,G,A,G,G,G,G,G,G,G,A,G,G,G,C,A,C,G,A,G,G,G,G,A,C/G,G,A,G,A,G,A,C
R5/B8_349,C,G,A,A,C,G,G,T,A,C,G,G,G,G,G,C/G,--,G,G,A,A,A,A,G,G,G,G,G,A,G,G,A,G,G,A,A,G,A,A,A,G,G,C,C,G,A,A,G,G,A,G,--,G,G,G,G,G,A,G,G,G,C,A,C,G,A,G,G,G,G,A,C,G,A,G,A,G,A,C
R7/B8_350,C,G,A,A,C,G,G,T,A/G,C,A/G,A/G,A,A/G,A/G,C/G,G,A/G,A,C,A,A,G,G,A/G,A/G,A/G,A/G,A,A/G,G,A,G,G,A,A,G,A,A/G,C,G,A/G,A,C,A/G,A/G,A/G,A/G,G,A,G,G,G,G,G,A/G,G,A/G,G,C/G,A/G,C,G,C,A/G,C,G,A/G,A,A/G,A,C,G,A/G,A,A,A/G,G,C/G
R7/B8_362,C,G,A,A,C,G,G,T,A/G,C,G,G,A/G,A/G,G,C,G,A/G,A/G,A/C,A,A,A/G,A/G,A/G,G,A,A,A/G,G,G,A,A/G,A/G,A,A,G,A,A/G,C,G,A,A/C,C,A,A/G,G,G,A/G,A,G,A,G,G,G,A,G,A/G,A/G,G,G,C/G,A/G,C,A/G,C,A/G,A/G,A/G,G,A/G,C/G,G,G,A,G,G,A/G,C
R7/B8_372,C,G,A,A,C,G,G,T,A/G,C,G,G,A/G,A/G,G,C,G,A/G,A/G,A/C,A,A,A/G,A/G,A/G,G,A,A,A/G,G,G,A,A/G,A/G,A,A,G,A,G,C,G,A/G,A/C,C,A/G,A,G,G,G,A,G,A,G,G,G,A/G,G,G,A/G,G,G,C,A/G,C,A/G,C,A/G,A/G,A/G,A/G,A/G,C/G,G,A/G,A,A/G,G,G,C
R6/B8_338,C,G,A,A,C,G,G,T,A/G,C,G,G,G,G,A/G,C,G,A,A,C,A,A,A,G,G,G,G,A/G,A,A/G,G,A,A/G,A/G,A/G,A,G,A,G,C,G,G,C,A,A/G,G,G,A/G,G,A,G,G,G,G,G,G,G,A/G,G,G,G,C,A/G,C,G,A/C,G,A,A,G,A,C,G,G,A,G,A,G,C
R6/B11_290,C,G,A,A,C,G,G,T,G,C,A,A,A,G,A,G,G,G,A,C,A,A,G,G,G,A,G,G,A,A,G,A,G,--,A,A,--,A,G,C,G,G,A,C,G,A/G,G,G,--,A,G,A,G,G,G,G,G,A,G,C,G,G,G,C,G,A,G,G,A,G,A,C,G,G,A,A,A,G,G
R6/B11_302,C,G,A,A,C,G,G,T,G,C,A/G,A,A,G,A,G,G,G,A/G,A/C,A,A,G,G,G,A/G,A/G,A/G,A,A/G,G,A,G,G,A,A,G,A,G,C,G,G,A,C,A/G,A/G,A/G,A/G,G,A,G,G,G,G,G,A/G,G,A/G,G,C/G,A/G,C,G,C,A/G,C,G,A/G,A,A/G,A,C,G,A/G,A,A,A/G,G,C/G
R6/B11_314,C,G,A,A,C,G,G,T,G,C,A/G,A/G,A/G,G,A/G,C/G,G,G,A/G,A/C,A,A,A/G,A/G,G,A/G,A/G,A/G,A/G,A/G,G,A,A/G,A/G,A,A,G,A,G,C,G,A/G,A/C,C,A,A/G,A/G,A/G,G,A,G,A,G,G,G,A,G,A/G,A/G,C/G,A/G,C,A/G,C,G,C,A/G,A,A/G,G,A/G,C/G,G,G,A,A/G,A/G,G,C/G
R6/B11_326,C,G,A,A,C,G,G,T,G,C,G,G,A/G,G,G,C,G,A,A,C,A,A,A,G,G,G,G,A/G,A,G,G,A,A,A/G,A/G,A,G,A,G,C,G,G,C,A,A,G,A/G,A/G,G,A,G,G,G,G,G,G,G,G,G,G,G,C,G,C,G,C,G,A,A,G,A/G,C,G,G,A,G,A/G,G,C
R7/B8_291,C,G,A,A,C,G,G,T,G,C,G,G,G,G,G,C,A,G,G,A,A,A,A,A,G,G,A,G,A,G,G,A,G,G,A,A,G,A,G,C,G,G,A,C,A,G,G,G,G,A,G,G,A,G,G,G,G,G,G,C,G,C,G,C,G,C,G,A,A,G,A,C/G,--,G,A,G,G,G,C
R8/B8_339,C,G,A,A,C,G,G,T,G,C,G,G,G,G,G,C,--,G,G,A,A,A,A,A,G,G,A,A,G,G,G,A,A,A,A,A,A/G,A,G,A/C,G,A,C,C,A,A,G,G,G,A,G,A,G,G,G,A,G,G,A/G,G,G,C,A,C,G,C,A,A,G,G,G,G,G,G,A,G,G,G,C
R9/B21_351,C,G,A,A,C,G,G,T,G,C,G,G,G,G,G,C,G,G,G,A,A,A,A,A,G,G,A,A,G,G,G,A,A,A,A,A,G,A,G,C,G,A,C,C,A,A,G,G,G,A,G,A,G,G,G,A,G,G,A,G,G,C,A,C,G,C,A,A,A/G,G,G,G,G,G,A,G,G,G,C
R14/B2_444,C,G,A,A,C,G,G,T,G,C,G,G,G,G,G,C,G,G,G,A,A,A,A,A/G,G,G,A,A,A/G,G,G,A,A,A,A,A,G,A,G,C,G,A,C,C,A,A,G,G,G,A,G,A,G,G,G,A,G,A/G,A,G,G,C,A,C,G,A/C,A,A,G,G,G,C/G,G,G,A,G,--,G,C
R14/B2_455,C,G,A,A,C,G,G,T,G,C/G,G,G,G,G,G,C,A,G,G,A,A,A,A,A,G,G,A,G,A,G,G,A,G,G,A,A,G,A,G,C,G,G,A,C,A,G,G,G,G,A,G,G,A,G,G,G,G,G,G,C,G,C,G,C,G,C,G,A,A/G,G,A,C,--,G,A,G,G,G,C
R14/B10_433,C,G,A,A,C,--,G,T,A,C,G,G,G,G,G,C,A,G,G,--,A,A,A,G,G,G,G,G,A,G,G,A,G,G,A,A,G,A,A,A/C,G,G,C,C,G,A,A,G,G,A,G,G,G,G,G,G,G,A,G,G,G,C,A,C,G,A,G,G,G,G,A,C,G,A,G,A,G,A,C
R13/R13_385,C,G,A,A/G,C,G,A/G,A/T,G,C,A/G,A/G,A,G,A,C/G,G,G,A/G,A/C,A,A,A/G,G,G,A,G,A/G,A,A/G,G,A,G,G,A,A,A/G,A,G,C,G,G,A,C,A,G,A,A/G,G,A,A/G,G,A/G,A/G,G,A,A/G,A/G,G,C,A,C,G,A/C,G,C,G,A/G,A/G,G,A,C,G,G,A,A,A/G,G,C/G
R13/R13_397,C,G,A,A/G,C,G,A/G,T,G,C,A/G,A/G,A,G,A,C/G,G,G,A/G,A/C,A,A,G,G,G,A,G,G,A,A/G,G,A,A/G,A/G,A/G,A/G,G,A/G,G,A/C,A/G,G,A,C,A/G,A/G,A/G,A/G,G,A,G,A,G,G,G,A,G,A/G,A/G,C/G,A/G,C,A,C,A/G,C,G,A,A,G,A,C,G,A,A,A/G,A/G,G,C
R13/B17_409,C,G,A,A/G,C,G,A/G,T,G,C,A/G,A/G,A,G,A/G,C/G,G,G,A/G,A/C,A,A/G,G,A/G,G,A,G,G,A,A,G,A,G,A/G,A,A,A/G,A,G,C,G,G,A/C,C,G,A,A/G,G,G,A,G,A/G,A/G,A/G,G,G,G,A/G,G,C/G,G,C/G,G,C,G,A/C,G,A/G,A,A/G,A,C,G,G,A,A/G,A,G,C
R13/B17_421,C,G,A,A/G,C,G,A/G,T,G,C,G,G,A/G,G,G,C,G,G,G,A,A,A/G,A/G,A,G,A/G,A/G,A/G,A/G,A/G,G,A,A/G,A,A,A,A/G,A,G,C,G,A/G,C,C,A/G,A,A/G,G,G,A,G,A/G,A/G,A/G,G,A/G,G,G,A/G,G,G,C,A/G,C,G,C,A/G,A,A/G,A/G,A/G,C/G,G,G,A,G,A/G,G,C
13/221_445,C,G,A,A/G,C,G,A/G,T,G,C,G,G,A/G,G,G,C,G,G,G,A,A,A/G,A/G,A,G,A/G,A/G,A/G,A/G,A/G,G,A,A/G,A,A,A,A/G,A,G,C,G,A/G,C,C,A/G,A,A/G,G,G,A,G,--,A/G,A/G,G,A/G,G,G,A/G,G,G,C,A/G,C,G,C,A/G,A,A/G,A/G,A/G,C/G,G,G,A,G,A/G,G,C
13/221_456,C,G,A,A/G,C,G,A,T,G,C,G,A,A,G,A,G,G,G,G,A,A,A,G,G,G,G,A,A,A,G,G,A,G,G,A,A,G,A,G,C,--,G,A,C,G,A,G,G,G,A,G,G,G,G,G,G,G,G,G,G,G,C,G,C,A,C,G,G,A,A,A,C,G,A,A,A,G,G,C
R14/B29_374,C,G,A,A/G,C,G,A,T,G,C,G,A,A,G,A,G,G,G,G,A,A,A,G,G,G,G,A,A,A,G,G,A,G,G,A,A,G,A,G,C,G,G,A,C,G,A,G,G,G,A,G,G,G,G,G,G,G,G,G,G,G,C,G,C,A,C,G,G,A,A,A,C,G,A,A,A,G,G,C
R14/B29_386,C,G,A,A/G,C,G,G,A,A,G,A,A,A,G,A,G,G,G,G,A,A,A,G,G,G,A,G,A,A,G,A,G,G,G,A,G,G,A,A,A,A,G,C,A,G,A,A,A,G,A,A,A,G,A,A,G,G,A,G,G,G,C,G,C,G,C,G,G,G,G,A,C,A,A,G,A,G,A,C
R14/B29_398,C,G,A,A/G,C,G,G,A/T,A/G,C/G,A,A,A,G,A,G,G,G,A/G,A/C,A,A,G,G,G,A,G,A/G,A,A/G,A/G,A/G,G,G,A,A/G,G,A,A/G,A/C,A/G,G,A/C,A/C,A/G,A/G,A,A,G,A,A/G,A,G,A/G,A/G,A/G,G,A,G,C/G,A/G,C,G,C,G,C,G,A/G,A/G,G,A,C,A/G,A/G,A/G,A,A/G,A/G,C/G
13/221_375,C,G,A,A/G,C,G,G,A/T,A/G,C/G,A/G,A/G,A,A/G,A/G,C/G,G,G,G,A/C,A,A,G,A/G,G,A,G,A,A,G,A/G,A/G,G,G,A,A/G,G,A,A/G,A/C,A/G,A/G,A/C,A/C,A/G,A,A/G,A/G,G,A,A/G,A,G,A,A/G,G,G,A,G,G,G,C,G,C,G,C,G,G,A/G,G,A,C,A/G,A,G,A,G,A,C
13/221_387,C,G,A,A/G,C,G,G,A/T,A/G,C/G,A/G,A/G,A/G,G,A/G,C/G,G,G,G,A,A,A,A/G,A/G,G,A/G,A/G,A,A/G,G,A/G,A/G,A/G,A/G,A,A/G,G,A,A/G,A/C,A/G,A/G,C,A/C,A/G,A,A/G,A/G,G,A,A/G,A,G,A/G,A/G,A/G,G,A/G,A/G,G,G,C,A/G,C,G,C,A/G,A/G,G,G,A/G,C/G,A/G,A/G,A/G,A/G,G,A/G,C
BW3_458,C,G,A,A/G,C,G,G,T,A,C,G,G,G,G,G,C,A,G,G,A,A,A,A,G,G,G,G,G,A,G,G,A,G,G,A,A,G,A,A,A,G,G,C,C,G,A,A,G,G,A,G,--,G,G,G,G,G,A,G,G,G,C,A,C,G,A,G,G,G,G,A,C,G,A,G,A,G,A,C
BW3_377,C,G,A,A/G,C,G,G,T,A,C,G,G,G,G,G,C,A,G,G,A,A,A,A,G,G,G,G,G,A,G,G,A,G,G,A,A,G,A,A,A,G,G,C,C,G,A,A,G,G,A,G,G,G,G,G,G,G,A,G,G,G,C,A,C,G,A,G,G,G,G,A,C,G,A,G,A,G,A,C
BW3_389,C,G,A,A/G,C,G,G,T,G,C/G,G,G,A,A,G,C,G,G,G,A/C,A,A,G,A/G,G,A/G,G,A/G,A,G,G,A,A,A/G,A/G,A,G,A,G,C,G,A/G,A,A/C,A,A/G,A/G,G,G,A,A/G,A,G,A/G,G,G,G,A/G,G,C/G,G,C,A/G,C,G,A/C,G,G,A/G,G,A,C/G,G,A,A/G,A/G,A/G,A/G,C
BW3_401,C,G,A,A/G,C,G,G,T,G,C,G,G,G,G,G,C,A/G,G,G,A,A,A,A,A,G,G,A,A,G,G,G,A,A,A,A,A,G,A,G,C,G,A,C,C,A,A,G,G,G,A,G,A,G,G,G,A,G,A/G,A,G,G,C,A,C,G,C,A/G,A/G,A/G,A/G,A/G,C/G,G,A/G,A,A/G,G,G,C
B14_415,C,G,A,A/G,C,G,G,T,G,C,G,G,G,G,G,C,A/G,G,G,A,A,A,A,A,G,G,A,A,G,G,G,A,A,A,A,A,G,A,G,C,G,A,C,C,A,A,G,G,G,A,G,A,G,G,G,A,G,G,A,G,G,C,A,C,G,C,A/G,A/G,A/G,A/G,A/G,C/G,G,A/G,A,A/G,G,G,C
B201_462,C,G,A,--,C,G,A/G,A/T,G,C,A/G,A/G,A,G,A,C/G,G,G,A/G,A/C,A,A,A/G,G,G,A,G,A/G,A,A/G,G,A,G,G,A,A,A/G,A,G,C,G,G,A,C,A,G,A,A/G,G,A,A/G,G,A/G,A/G,G,A,A/G,A/G,G,C,A,C,G,A/C,G,C,G,A/G,G,G,A,C,G,G,A,A,A/G,G,C/G
Htz_407,C,G,A,--,C,G,A/G,T,G,C,A/G,A/G,A,G,A/G,C/G,G,G,A/G,A/C,A,A/G,G,A/G,G,A,G,G,A,A,G,A,G,A/G,A,A,A/G,A,G,C,G,G,A/C,C,G,A,A/G,G,G,A,G,A/G,A/G,A/G,G,G,G,A/G,G,C/G,G,C/G,G,C,G,A/C,G,A/G,A,A/G,A,C,G,G,A,A/G,A,G,C
Htz_419,C,G,A,--,C,G,G,A/T,A/G,C/G,A,A,A,G,A,G,G,G,A/G,A/C,A,A,G,G,G,A,G,A/G,A,A/G,A/G,A/G,G,G,A,A/G,G,A,A/G,A/C,A/G,G,A/C,A/C,A/G,A/G,A,A,G,A,A/G,A,G,A/G,A/G,A/G,G,A,G,C/G,A/G,C,G,C,G,C,G,A/G,A/G,G,A,C,A/G,A/G,A/G,A,A/G,A/G,C/G
Htz_454,C,G,A,--,C/G,G,G,T,G,C,A,A,A,G,A,G,G,G,A,C,--,A,G,--,G,A,G,G,A,A/G,--,A,G,G,A,A,--,A,G,C,G,G,A,C,G,A,G,G,--,A,--,A,G,G,G,G,G,A,--,C,G,G,G,--,--,A,G,G,A,G,A,C,--,G,A,A,A,G,--
Htz_465,C,G,A,--,C,G,G,T,A/G,C,A/G,A/G,A,A/G,A/G,C/G,G,A/G,A,C,A,A,G,G,A/G,--,A/G,A/G,A,A/G,G,A,G,G,A,A,--,A,A/G,C,G,A/G,A,C,A/G,A/G,A/G,A/G,--,A,G,G,G,G,G,A/G,G,A/G,--,C/G,--,C,G,C,A/G,C,G,A/G,A,A/G,A,C,G,A/G,A,A,A/G,G,C/G
Htz_408,C,G,A,--,C,G,G,T,A/G,C,A/G,A/G,A,A/G,A/G,C/G,G,A/G,A,C,A,A,G,G,A/G,A/G,A/G,A/G,A,A/G,G,A,G,G,A,A,G,A,A/G,C,G,A/G,A,C,A/G,A/G,A/G,A/G,G,A,G,G,G,G,G,A/G,G,A/G,G,C/G,A/G,C,G,C,A/G,C,G,A/G,A,A/G,A,C,G,A/G,A,A,A/G,G,C/G
21_543,C,G,A,--,C,G,G,T,A/G,C,G,G,A/G,A/G,G,C,G,A/G,A/G,A/C,A,A,A/G,A/G,A/G,G,A,A,A/G,G,G,A,A/G,A/G,A,A,G,A,G,C,G,A/G,A/C,C,A/G,A,G,G,G,A,G,A,G,G,G,A/G,G,G,A/G,G,G,C,A/G,C,A/G,C,A/G,A/G,A/G,A/G,A/G,C/G,G,A/G,A,A/G,G,G,C
78_499,C,G,A/G,A,C,--,A,A,A,C,A,A,A,A,A/G,C,G,A/G,A,A,A,A,A,A/G,A,A,A,A,A,--,A,A,A/G,A/G,A,A,A/G,A,A,A/C,A,A,A,A,A,A/G,A,A/G,A/G,A,A/G,--,A/G,A,A,A/G,--,A,A/G,G,G,C,A/G,A,A/G,A/C,A/G,A,A,A/G,A,C,A,G,A/G,A,A/G,--,--
78_511,C,G,A/G,A,C,G,A/G,T,A/G,C,G,A/G,A,G,A,C/G,G,G,G,A,A,A,G,A/G,G,A/G,A,A/G,A,G,A/G,A/G,G,G,A,A,G,A,G,A/C,A/G,G,A,C,A/G,A/G,A/G,A/G,G,A,G,A,G,G,G,G,G,G,A/G,G,G,C,G,C,A/G,C,G,G,A,A/G,A,C,G,A,A/G,A,G,A/G,C
24_523,C,G,A/G,A,C,G,A/G,T,A/G,C,G,G,A,G,A/G,C,G,G,G,A/C,A,A,G,A,G,A/G,A,A/G,A/G,G,A/G,A/G,A/G,A/G,A,A,G,A,G,A/C,A/G,A/G,A/C,C,A,A/G,A/G,A/G,G,A,G,A,G,G,G,A/G,G,G,A,G,G,C,A/G,C,G,C,G,G,A,A/G,A,C,G,A,A/G,A,G,A/G,C
24_535,C,G,A/G,A,C,G,A/G,T,A/G,C,G,G,A,G,A/G,C,G,G,G,A/C,A,A,G,A/G,G,A/G,A/G,A/G,A,G,A/G,A/G,A/G,A/G,A,A,A/G,A,G,A/C,A/G,A/G,A/C,C,A,G,A/G,A/G,G,A,G,A,G,G,G,A/G,A/G,A/G,A/G,G,G,C,G,C,G,C,G,A/G,A,G,A,C,G,A,A/G,A/G,A/G,A/G,C
24_546,C,G,A/G,A,C,G,A/G,T,G,C,G,G,G,G,G,C,--,G,G,A,A,A,A/G,A,G,G,A,A,A,G,G,A,G,G,A,A,G,A/G,G,A/C,G,G,A,C,A/G,A/G,G,G,G,A,G,G,A,G,G,G,G,G,G,C/G,G,C,G,C,A/G,C,G,A/G,A,A/G,A,C,--,A,A,A/G,G,G,C
24_557,C,G,A/G,A,C,G,A,T,G,C,G,A/G,A,G,A,C/G,G,G,A/G,A/C,A,A,G,G,G,A,A/G,A/G,A,G,G,A,A/G,G,A,A,G,A,G,A/C,A/G,G,A,C,G,A,G,G,G,A/C,G,G,G,G,G,A/G,G,A/G,G,C/G,G,C/G,G,C,A/G,A/C,G,A/G,A,A/G,A,C,G,A/G,A,A,A/G,G,C
73/71_558,C,G,A/G,A,C,G,G,A/T,A,C/G,A/G,A/G,A/G,G,A/G,C/G,A/G,G,G,A,A,A,A/G,G,G,A/G,G,A/G,A,G,A/G,A/G,G,G,A,A/G,G,A,A,A,A/G,G,C,A/C,G,A,A,A/G,G,A,A/G,A,G,A/G,A/G,G,G,A,G,G,G,C,A/G,C,G,A/C,G,G,G,G,A,C,A/G,A,G,A,G,A,C
24_476,C,G,A/G,A,C/G,G,G,T,A/G,C,G,G,G,G,G,C,A/G,G,G,A/C,A,A,A,A/G,G,A/G,G,G,A,A/G,G,A,A/G,G,A/G,A,G,A,A/G,A/C,G,G,C,A/C,A/G,A/G,A,G,G,A,G,G,G,G,G,G,G,A,G,G,G,C,A/G,C,G,A/C,G,A/G,G,G,A,C,A/G,A,G,A,G,A,C
24_488,C,G,A/G,A,C,G,G,T,A/G,C,G,G,G,G,G,C,G,A/G,G,C,A,A,A,G,G,A,G,G,A,G,G,A,A/G,A/G,A/G,A,G,A/G,G,A/C,A/G,G,A,A/C,A/G,A/G,A,G,G,A,G,--,G,G,G,A/G,--,A,G,C,G,C,A/G,C,A/G,C,G,G,A,G,A,C,G,A,A,G,A,--,C
24/77_500,C,G,A/G,A,C,G,G,T,A/G,C,G,G,G,G,G,C,G,A/G,G,C,A,A,A,G,G,A,G,G,A,G,G,A,A/G,A/G,A/G,A,G,A/G,G,A/C,A/G,G,A,A/C,A/G,A/G,A,G,G,A,G,G,G,G,G,A/G,A/G,A,G,C,G,C,A/G,C,A/G,C,G,G,A,G,A,C,G,A,A,G,A,G,C
24/77_512,C,G,A/G,A/G,C/G,A/G,G,T,G,C/G,G,A/G,A,A/G,A/G,C/G,G,G,G,A,A,A,A/G,G,G,A,A,A/G,A,G,G,A,A/G,A,A/G,A,G,A,G,A/C,G,A,A,C,G,A/G,A,G,G,A,G,G,G,G,A/G,G,A/G,A,G,C/G,G,C,G,C,G,A,G,A/G,A/G,G,A/G,C,G,G,A,A/G,A/G,A/G,C
24/77_536,C,G,A/G,A/G,C,G,A/G,T,A/G,C,A/G,A/G,A,A/G,A/G,C/G,G,A/G,A,C,A,A,G,G,A/G,A/G,A/G,A/G,A,A/G,G,A,G,G,A,A,G,A,A/G,C,G,A,A/C,A/C,A,G,A/G,G,G,A,G,G,A/G,A/G,G,A,A,A/G,G,G,A/G,C,G,C,G,C,G,A/G,A,G,A,C,G,A,A/G,A/G,A/G,A/G,C
24/77_547,C,G,A/G,A/G,C,G,A/G,T,G,C,G,A/G,A/G,A/G,G,C,A/G,A/G,A/G,A/C,A,A,A/G,A/G,G,A/G,A/G,A/G,A/G,G,G,A,A,A/G,A,A,G,A,G,C,G,A/G,A/C,C,A/G,A,G,G,G,A,G,A,G,G,G,A,A/G,A/G,A/G,G,G,C/G,A/G,C,G,C,G,G,A/G,A/G,A,C,G,A,A/G,A,G,A/G,C
72/75_477,C,G,A/G,A/G,C,G,A/G,T,G,C,G,G,A/G,G,A/G,C,A/G,G,A/G,A/C,A/C,A,A/G,A/G,G,A/G,A/G,A/G,A/G,G,G,A,A,A/G,A,A,G,A,G,A/C,A/G,A/G,A/C,C,A/G,A,G,G,G,A/C,G,A,G,G,G,A,G,A/G,A/G,C/G,A/G,C,A/G,C,G,C,G,A/G,A,A/G,A,C,G,A/G,A,A,A/G,G,C/G
72/75_489,C,G,A/G,A/G,C,G,G,A/T,A/G,C/G,A,A,A,G,A,G,G,G,A/G,A/C,A,A,G,G,G,A,G,A/G,A,A/G,A/G,A/G,G,G,A,A/G,G,A,A/G,A/C,A/G,G,A/C,A/C,A/G,A/G,A,A,G,A,A/G,A,G,A/G,A/G,A/G,G,A,G,C/G,A/G,C,A/G,C,G,C,G,A/G,A/G,G,A,C,A/G,A,A/G,A,G,A/G,C
72/75_501,C,G,A/G,A/G,C,G,G,T,G,C,A/G,A,A,G,A/G,C/G,G,G,A,C,A,A,G,A/G,G,A/G,A/G,A/G,A,A,G,A,G,G,A,A,G,A/G,G,A/C,A/G,A/G,C,A,A,G,A,G,G,A,G,G,A/G,A/G,G,A/G,A/G,A/G,G,G,A/G,C,G,C,G,C,G,A/G,A/G,G,A,C,A/G,A,G,A,G,A,C
72/75_513,C,G,A,G,C,G,A,A/T,G,C,G,A/G,A,G,A,C/G,G,G,G,A,A,A,A/G,G,G,A/G,A/G,A,A,G,G,A,G,G,A,A,A/G,A,G,C,G,G,A,C,A/G,A/G,A/G,G,G,A,A/G,G,A/G,A/G,G,A/G,A/G,G,G,C/G,A/G,C,G,A/C,A/G,C,G,G,A/G,A/G,A,C,G,A/G,A,A,G,G,C
74/71_525,C,G,A,G,C,G,A,A/T,G,C,G,A/G,A,G,A,C/G,G,G,G,A,A,A,A/G,G,G,A/G,A/G,A,A,G,G,A,G,G,A,A,A/G,A,G,C,G,G,A,C,A/G,A/G,A/G,G,G,A,A/G,G,A/G,A/G,G,A/G,A/G,G,G,C/G,A/G,C,G,A/C,A/G,C,G,G,G,A/G,A,C,G,A/G,A,A,G,G,C
74/71_559,C,G,A,G,C,G,A,A/T,G,C,G,G,A,G,A/G,C,G,G,G,A,A,A/G,A/G,A/G,G,A,G,A/G,A,A/G,G,A,G,A/G,A,A,A,A,G,A/C,A/G,G,A/C,C,G,A,A/G,G,G,A/C,G,G,A/G,A/G,G,A/G,G,A/G,G,C/G,A/G,C,G,C,G,A/C,G,A/G,A,A/G,A,C,G,A/G,A/G,A/G,A/G,G,C
74/71_570,C,G,A,G,C,G,A,A/T,G,C,G,G,A,G,A/G,C,G,G,G,A/C,A,A,A/G,G,G,A/G,G,A,A,G,G,A,A/G,A/G,A,A,A,A,G,C,G,A/G,A/C,C,A,G,A/G,G,G,A,A/G,G,A/G,G,G,A/G,A/G,A,G,G,A/G,C,G,A/C,G,C,G,A/G,A/G,G,A,C,G,A/G,A,A/G,A/G,G,C
71_581,C,G,A,G,C,G,A/G,A,A/G,C/G,A/G,A/G,A,G,A,C/G,G,G,G,A,A,A,A/G,G,G,A,G,A,A,G,A/G,A/G,G,G,A,A/G,A/G,A,A/G,A/C,A/G,G,A/C,A/C,A/G,A/G,A,A/G,G,A,A,A/G,A/G,A,A/G,A/G,A/G,A/G,G,C/G,A/G,C,G,A/C,G,C,G,G,G,G,A,C,A/G,A/G,A/G,A,G,A/G,C
71_592,C,G,A,G,C,G,A/G,A,A/G,C/G,A/G,A/G,A,G,A,C/G,G,G,G,A,A,A,A/G,G,G,A/G,G,A,A,G,A/G,A/G,G,G,A,A/G,A/G,A,A/G,A/C,A/G,G,A/C,A/C,A/G,A/G,A,A/G,G,A,A,A/G,A/G,A,A/G,A/G,A/G,A/G,G,C/G,A/G,C,G,A/C,G,C,G,G,G,G,A,C,A/G,A/G,A/G,A,G,A/G,C
71_616,C,G,A,G,C,G,A/G,A,G,C,G,G,A,G,A,C,G,G,A/G,A/C,A/C,A,A/G,G,G,A,G,A/G,A,G,G,A,A/G,G,A,A,A/G,A,G,A/C,A/G,G,A,C,A/G,A/G,A/G,G,G,A/C,A/G,G,A/G,A/G,G,A,A/G,A/G,G,C,A,C,G,A/C,G,C,G,A/G,A/G,G,A,C,G,G,A,A,A/G,G,C/G
72/75_605,C,G,A/G,--,C,G,A/G,A/T,A/G,--,A,A/G,A/G,G,A/G,C/G,G,G,G,A,A,A,G,G,G,A/G,A/G,A/G,A,A/G,A/G,A/G,A/G,A/G,A,A/G,A/G,A/G,A/G,A/C,A,G,A/C,A/C,A/G,A/G,A,--,G,A,A/G,A,G,A/G,A/G,G,G,A/G,A/G,G,G,C,G,C,A/G,C,A/G,G,G,G,A/G,C,A/G,A/G,A/G,A/G,A/G,A,C
72/75_617,C,G,A,G,C,G,A/G,A/T,A/G,C/G,A/G,A,A,G,A,G,G,G,G,A,A,A,G,G,G,A/G,A/G,A,A,G,A/G,A/G,G,G,A,A/G,G,A,A/G,A/C,A/G,G,A/C,A/C,G,A,A/G,A/G,G,A,A/G,A,G,A/G,A/G,G,G,A/G,G,G,G,C,G,C,A/G,C,G,G,A/G,A/G,A,C,A/G,A,A/G,A,G,A/G,C
72/75_629,C,G,A,G,C,G,A/G,A/T,A/G,C/G,A/G,A/G,A,G,A/G,C/G,G,G,G,A/C,A,A,G,G,G,A/G,G,A,A,G,A/G,A/G,A/G,A/G,A,A/G,A/G,A,A/G,A/C,A/G,A/G,C,A/C,A/G,A/G,A/G,A/G,G,A,A/G,A,G,A/G,A/G,A/G,A/G,A,G,G,G,C,G,C,G,C,G,A/G,A/G,G,A,C,A/G,A,A/G,A/G,A/G,A/G,C
72/75_641,C,G,A,G,C,G,A/G,A/T,A/G,C/G,A/G,A/G,A,G,A/G,C/G,G,G,G,A/C,A,A,G,G,G,A/G,G,A,A,G,A/G,A/G,A/G,A/G,A,A/G,A/G,A,A/G,A/C,A/G,A/G,C,A/C,A/G,G,A/G,A/G,G,A,A/G,A,G,A/G,A/G,A/G,A/G,A,G,G,G,C,G,C,G,C,G,A/G,A/G,G,A,C,A/G,A,A/G,A/G,A/G,A/G,C
72/75_561,C,G,A,G,C,G,A/G,A/T,A/G,C,G,G,A,A/G,A/G,C,G,A/G,A/G,A/C,A,A,A/G,G,A/G,A/G,A/G,A,A,G,G,A,G,G,A,A,A/G,A,A/G,C,G,A/G,A,C,A,G,A/G,G,A/G,A,A/G,G,A/G,A/G,G,A,A/G,A/G,G,C/G,A/G,C/G,G,A/C,A/G,C,G,G,G,G,A,C,G,G,A,A/G,G,A/G,C
Htz_607,C,G,A,G,C,G,A/G,A/T,A/G,G,A/G,A/G,A,G,A,C/G,G,G,G,A,A,A,G,G,G,A/G,G,A,A/G,G,A/G,A/G,G,G,A,A/G,G,A,G,A/C,A/G,G,C,A/C,G,A/G,A/G,A/G,G,A,A/G,--,G,A/G,A/G,G,G,A/G,G,G,G,C,G,C,G,C,G,G,G,G,A,C,A/G,A,A/G,A/G,G,A/G,C
Htz_619,C,G,A,G,C,G,A/G,A/T,G,C,G,G,A,G,A,C,G,G,A/G,A/C,A/C,A,A/G,G,G,A,G,A/G,A,G,G,A,A/G,G,A,A,A/G,A,G,A/C,A/G,G,A,C,A/G,A/G,A/G,G,G,A/C,A/G,G,A/G,A/G,G,A,A/G,A/G,G,C,A,C,G,A/C,G,C,G,A/G,A/G,G,A,C,G,G,A,A,A/G,G,C/G
Htz_631,C,G,A,G,C,G,A/G,A/T,G,C,G,G,A,G,A,C,G,G,A/G,A/C,A/C,A,A/G,G,G,A,G,A/G,A,G,G,A,A/G,G,A,A,A/G,A,G,A/C,A/G,G,A,C,A/G,A/G,A/G,G,G,A/C,A/G,G,A/G,A/G,G,A,A/G,A/G,G,C,A,C,G,A/C,G,C,G,A/G,G,G,A,C,G,G,A,A,A/G,G,C/G
Htz_643,C,G,A,G,C,G,A/G,T,A/G,C,G,A/G,A,A/G,A/G,C/G,G,A/G,A/G,A/C,A,A,G,G,A/G,G,A,A,A,G,G,A,G,G,A,A,G,A,G,C,G,G,A,C,G,A,G,G,G,A,G,G,G,G,G,G,G,G,G,G,G,C,G,C,A,C,G,G,A,A,A,C,G,A,A,A,G,G,C
Htz_563,C,G,A,G,C,G,A/G,T,A/G,C,G,A/G,A,A/G,A/G,C/G,G,G,G,A,A,A,G,G,G,A/G,A/G,A/G,A,G,G,A,A/G,A/G,A/G,A,G,A,G,C,G,G,A,A/C,A/G,A/G,A/G,G,G,A,A/G,G,A/G,G,A/G,G,G,A/G,G,G,G,C,G,C,A/G,C,G,G,A,A/G,A,C,G,A,A/G,A,G,A/G,C
Htz_574,C,G,A,G,C,G,A/G,T,A/G,C,G,A/G,A,G,A/G,C,G,G,A/G,A/C,A,A,G,A,G,A/G,A,A/G,A,A/G,A/G,A/G,G,G,A,A,G,A/G,G,A/C,A,G,A/C,A/C,A,G,A,A/G,G,A,G,A,G,G,G,G,G,A/G,A/G,G,G,C,G,C,G,C,G,A/G,A/G,G,A,C,A/G,A,G,A,G,A,C
Htz_585,C,G,A/G,--,C,G,A/G,T,A/G,C,G,A/G,A/G,--,G,C,--,A/G,A/G,A/C,A,A,A/G,A/G,G,A/G,A/G,A/G,A/G,G,G,A,A,--,A,A,G,A,G,C,G,A/G,--,C,A/G,A,G,G,--,A,G,A,G,G,G,A,A/G,A/G,A/G,G,--,C/G,A/G,C,--,C,G,G,A/G,--,A,C,--,A,A/G,A,G,A/G,C
Htz_596,C,G,A/G,--,C,G,A/G,T,A/G,C,G,G,A,G,A/G,C,G,G,G,A/C,A,A,G,A,G,A/G,A,A/G,A/G,G,--,A/G,A/G,A/G,A,A,--,A,A/G,A/C,A/G,A/G,A/C,C,A,A/G,A/G,A/G,--,A,G,A,G,G,G,A/G,G,G,A,G,G,C,A/G,C,G,C,G,G,A,A/G,A,C,G,A,A/G,A,G,A/G,C
Htz_608,C,G,A,G,C,G,A/G,T,A/G,C,G,G,A/G,G,G,C,G,G,G,A,A,--,G,A/G,G,A/G,A/G,A/G,A/G,--,G,A,A/G,A,A,A,A/G,A/G,G,C,G,G,C,C,G,A/G,G,G,G,A,G,G,G,G,G,A/G,G,G,A/G,G,G,C,G,C,G,C,G,A/G,--,A,A/G,C/G,G,A/G,A,A/G,G,G,C
21_588,C,G,A,G,C,G,A/G,T,A/G,C/G,G,G,A,A,G,C,G,G,G,A,A,A,G,G,G,A/G,G,G,A,G,G,A,A,A,A/G,A,G,A,G,A/C,G,G,A,A,A,G,A,A/G,G,A,A,--,G,G,G,G,G,A/G,A/G,C,G,C,A,C,G,A,G,G,G,G,A,C/G,G,A,A/G,G,A,G,C
63/15_567,C,G,A,G,C,G,A/G,T,G,C,A/G,A,A,G,A,G,G,G,A/G,A/C,A,A,G,G,G,A/G,A/G,A/G,A,A/G,G,A,G,G,A,A,G,A,G,C,G,A/G,A/C,A/C,A/G,A/G,A/G,G,G,A,G,G,A/G,A/G,G,A/G,A/G,G,G,G,A/G,C,G,C,A/G,C,G,G,A,A/G,A,C,G,A,A/G,A,G,A/G,C
2_613,C,G,A,G,C,G,A/G,T,G,C,A/G,A/G,A,G,A,C/G,G,G,A/G,A/C,A,A,G,G,G,A,G,G,A,A/G,G,A,A/G,A/G,A/G,A/G,G,A/G,G,A/C,A/G,A/G,A/C,A/C,A/G,A/G,A/G,G,G,A,G,A/G,A/G,A/G,G,A,A/G,G,A/G,G,A/G,C,A/G,C,A/G,C,G,A/G,A,G,A,C,G,A,A/G,A/G,A/G,A/G,C
62/15_651,C,G,A,G,C,G,A/G,T,G,C,A/G,A/G,A,G,A/G,C/G,G,G,A/G,A/C,A,A/G,G,A/G,G,A,G,G,A,A,G,A,G,A/G,A,A,A/G,A,G,C,G,A/G,C,A/C,A/G,A/G,A,G,G,A,G,G,A,A,G,A/G,A/G,G,G,G,A/G,C,G,C,G,C,G,A/G,A,A/G,A,C,G,A/G,A/G,A/G,A/G,A/G,C
24_673,C,G,A,G,C,G,A/G,T,G,C,G,A/G,A,A/G,G,C,A/G,A/G,A/G,C,A,A,G,G,G,A/G,G,A/G,A,G,G,A,A,A/G,A,A,A/G,A,G,C,G,A/G,A/C,C,A/G,A/G,G,G,G,A,G,G,A/G,A/G,A/G,A/G,A/G,A,G,C/G,G,G,G,C,G,C,G,G,G,G,A,C,G,A,A/G,A,A/G,A,C
24_685,C,G,A,G,C,G,A/G,T,G,C,G,A/G,A/G,G,A/G,C/G,A/G,G,G,A,A,A,A/G,A/G,G,G,A,A,A/G,G,G,A,A/G,A/G,A,A,G,A,G,C,G,A/G,A/C,C,A/G,A,G,G,G,A,G,A,G,G,G,A/G,G,G,A/G,G,G,C,A/G,C,A/G,C,G,G,A,A,A,C,G,A,A,A,G,G,C
24_697,C,G,A,G,C,G,A/G,T,G,C,G,G,A/G,G,A/G,C,A/G,G,A/G,A/C,A,A,A/G,A/G,G,A,A/G,A/G,A,--,G,A,A/G,A/G,A,A,A/G,A,G,A/C,A/G,A/G,A/C,C,A/G,A,A/G,A/G,G,A/C,G,A/G,G,A/G,G,A,A/G,A/G,A/G,C/G,A/G,C,G,C,G,C,G,A/G,A,A/G,A/G,C,G,A/G,A/G,A/G,A/G,G,C
24_709,C,G,A,G,C,G,A/G,T,G,C,G,G,A/G,G,G,C,A/G,G,G,A,A,A/G,A/G,A,G,A/G,A/G,A/G,A/G,A/G,G,A,A/G,A,A,A,A/G,A,G,C,--,A/G,C,C,A/G,A,A/G,G,G,A,G,A/G,A/G,A/G,G,A/G,G,G,A/G,G,G,C,A/G,C,G,C,G,A/G,A,A,A,C,G,A/G,A,A/G,A/G,G,C
24_721,C,G,A,G,C,G,A/G,T,G,C,G,G,A/G,G,G,C,A/G,G,G,A,A,A/G,A/G,A,G,A/G,A/G,A/G,A/G,A/G,G,A,A/G,A,A,A,A/G,A,G,C,G,A/G,C,C,A/G,A,A/G,G,G,A,G,A/G,A/G,A/G,G,A/G,G,G,A/G,G,G,C,A/G,C,G,C,G,A/G,A,A,A,C,G,A/G,A,A/G,A/G,G,C
24_733,C,G,A,G,C,G,A/G,T,G,C,G,G,A/G,G,G,C,A/G,G,G,--,A,A,A/G,A,G,G,A,A,G,G,G,A,A,A,A,A,G,A,G,C,G,A,C,C,A,A,G,G,G,A,G,A,G,G,G,A,G,G,A,G,G,C,A,C,G,C,G,G,A,A,A,C,G,A,A,A,G,G,C
62/15_652,C,G,A,G,C,G,A/G,T,G,C,G,G,A/G,G,G,C,A/G,G,G,A,A,--,A/G,A,G,G,A/G,A/G,A/G,A/G,G,A,A/G,A,A,A,A/G,A/G,G,C,G,G,C,C,A/G,A/G,A/G,G,G,A,G,G,A/G,A/G,G,A/G,G,A/G,A/G,G,G,C,G,C,G,C,G,A/G,A,A/G,A,C,G,A/G,A,A/G,--,A/G,C
62/15_661,C,G,A,G,C,G,A/G,T,G,C,G,G,A/G,G,G,C,A/G,G,G,A/C,A,A,A/G,A,G,G,A,A,G,G,G,A,A,A,A,A,G,A,G,C,G,A,C,C,A,A,G,G,G,A,G,A,G,G,G,A,G,G,A,G,G,C,A,C,G,C,G,G,A,A,A,C,G,A,A,A,G,G,C
BW3_698,C,G,A,G,C,G,A/G,T,G,C,G,G,G,G,G,C,G,G,A/G,A/C,A,A/G,G,A/G,G,A,G,G,A,G,G,A,A/G,A/G,A,A,G,A,G,A,A,G,A/C,A,A,G,A/G,A/G,G,A,A,G,G,G,G,A/G,G,A,G,G,G,C/G,A/G,C,G,A/C,G,A/G,A/G,G,G,C,G,A/G,A,G,A/G,G,C
B13_655,C,G,A,G,C,G,A/G,T,G,C,G,G,G,G,G,C,G,G,A/G,A/C,A,A/G,G,A/G,G,A,G,G,A,G,G,A,A/G,A/G,A,A,G,A,G,A/C,A,G,A/C,A,A,G,A/G,A/G,G,A,A,G,G,G,G,A/G,G,A,G,G,G,C/G,A,C,G,A/C,G,A/G,A/G,G,G,C,G,A/G,A,G,A/G,G,C
B130_701,C,G,A,G,C,G,A,T,G,C,G,A,A,G,A,G,G,G,G,A,A,A,G,G,G,G,A,A,A,G,A/G,A,G,G,A,A,--,A,G,C,G,G,A,C,G,A,G,G,G,A,G,G,G,G,G,G,G,G,--,G,G,C,G,C,A,C,G,G,A,A,A,C,G,A,A,A,G,G,C
BW1_725,C,G,A,G,C,G,A,T,G,C,G,A/G,A,G,A/G,C/G,G,G,G,A,A,A/G,G,A/G,G,A,A/G,A/G,A,A/G,G,A,G,A/G,A,A,A/G,A,G,C,G,G,A/C,C,G,A,A/G,G,G,A,G,G,A/G,A/G,G,G,G,G,G,G,G,C,G,C,A/G,C,G,A/G,A,A,A,C,G,A/G,A,A/G,A/G,G,C
B19_702,C,G,A,G,C,G,A,T,G,C,G,A/G,A,G,A/G,C/G,G,G,G,A,A,A/G,G,A/G,G,A/G,A/G,A/G,A,A/G,G,A,G,A/G,A,A,A/G,A,G,C,G,G,A/C,C,G,A,A/G,G,G,A,G,G,A/G,A/G,G,G,G,G,G,G,G,C,G,C,A/G,C,G,A/G,A,A,A,C,G,A/G,A,A/G,A/G,G,C
B19_829,C,G,A,G,C,G,A,T,G,C,G,A/G,A,G,A/G,C/G,G,G,G,A/C,A,A,G,G,G,G,A/G,A,A,G,G,A,A/G,A/G,A,A,A/G,A,G,C,G,A/G,A/C,C,A/G,A/G,G,G,G,A,G,G,A/G,A/G,A/G,G,G,A/G,G,C/G,G,C/G,G,C,A/G,C,G,G,A/G,A/G,A,C,G,A,A,A,A/G,A/G,C
Htz_784,C,G,A,G,C,G,A,T,G,C,G,G,A,G,G,C,G,G,G,A/C,A,G,G,A,G,A,G,G,A,A,G,A,G,A,A,A,A,A,G,C,G,G,C,C,G,A,A,G,G,A,G,G,A,A,G,G,G,G,G,G,G,C,G,C,G,C,G,A,A,A,A,C,G,G,A,G,A,G,C
Htz_786,C,G,A,G,C,G,A,T,G,C,G,G,A,G,G,C,G,G,G,C,A,A,G,G,G,G,G,A,A,G,G,A,A,A,A,A,A,A,G,C,G,A,C,C,A,G,G,G,G,A,G,A/G,A/G,A/G,A/G,A/G,A/G,A,G,C/G,G,G,G,C,G,C,G,G,G,G,A,C,G,A,A/G,A,A/G,A,C
Htz_787,C,G,A,G,C,G,G,A,A,G,A,A,A,G,A,G,G,G,G,A,A,A,G,G,G,A,G,A,A,G,A,G,G,G,A,G,G,A,A,A/C,A,G,C,A,G,A,A,A,G,A,A,A,G,A,A,G,G,A,G,G,G,C,G,C,G,C,G,G,G,G,A,C,A,A,G,A,G,A,C
Htz_825,C,G,A,G,C,G,G,A,A,G,A,A,A,G,A,G,G,G,G,A,A,A,G,G,G,A,G,A,A,G,A,G,G,G,A,G,G,A,A,A/C,A,G,C,A,G,A,A/G,A,G,A,A,A,G,A,A,G,G,A,G,G,G,C,G,C,G,C,G,G,G,G,A,C,A,A,G,A,G,A,C/G
Htz_876,C,G,A,G,C,G,G,A,A,G,A,A,A,G,A,G,G,G,G,--,A,A,G,G,G,A/G,G,A,A,G,A,G,G,G,A,G,G,A,A,A,A,G,C,A,G,A,A,A,G,A,A,A,G,A,A,G,G,A,G,G,G,C,G,C,G,C,G,G,G,G,A,C,A,A,G,A,G,A,C
Htz_900,C,G,A,G,C/G,G,A,A/T,G,C,G,G,G,G,G,C,G,G,A/G,A/C,A,A,A/G,A/G,G,A/G,G,G,A,G,G,A,A,A/G,A,A/G,G,A,G,A/C,A/G,A/G,A/C,A/C,A,A/G,A/G,A/G,G,A,A/G,--,G,G,G,G,G,A,G,G,G,C/G,A/G,C,G,C,G,A/G,A,G,A/G,C,G,A/G,A,G,A/G,--,C
Htz_912,C,G,A,G,C/G,G,A,A/T,G,C,G,G,G,G,G,C,G,G,A/G,A/C,A,A,A/G,A/G,G,A/G,G,G,A,G,G,A,A,A/G,A,A/G,G,A,G,A/C,A/G,A/G,A/C,A/C,A,A/G,A/G,A/G,G,A,A/G,G,G,G,G,G,G,A,G,G,G,C/G,A/G,C,G,C,G,A/G,A,G,A/G,C,G,A/G,A,G,A/G,A/G,C
Htz_841,C,G,A,G,C,G,G,A/T,A,C/G,A/G,A/G,A/G,G,A/G,C/G,A/G,G,G,A,A,A,A/G,G,G,A/G,G,A/G,A,G,A/G,A/G,G,G,A,A/G,G,A,A,A,A/G,G,C,A/C,G,A,A,A/G,G,A,A/G,A,G,A/G,A/G,G,G,A,G,G,G,C,A/G,C,G,A/C,G,G,G,G,A,C,A/G,A,G,A,G,A,C
Htz_853,C,G,A,G,C,G,G,A/T,A/G,C/G,A/G,A/G,A,G,A,C/G,G,G,A/G,A/C,A/C,A,G,G,G,A,G,A/G,A,G,A/G,A/G,A/G,G,A,A/G,G,A,A/G,A,A,G,A/C,A/C,G,A,A/G,A/G,G,A/C,A/G,A,G,A/G,A/G,A/G,G,A,G,C/G,A/G,C,G,C,G,C,G,A/G,A/G,G,A,C,A/G,A/G,A/G,A,A/G,A/G,C/G
Htz_865,C,G,A,G,C,G,G,A/T,A/G,C/G,A/G,A/G,A,G,A/G,C/G,G,G,G,A/C,A,A,G,G,A/G,A/G,A/G,A/G,A,G,A/G,A/G,G,G,A,G,G,A,A/G,A/C,A/G,A/G,A/C,A/C,A/G,A/G,A/G,A/G,A/G,A,A/G,A,G,A/G,A/G,A/G,G,A,G,C/G,G,C,A/G,C,A/G,A/C,G,G,G,G,A/G,C,A/G,A/G,A/G,A/G,A/G,A/G,C
Htz_922,C,G,A,G,C,G,G,A/T,A/G,C/G,A/G,A/G,A,G,A/G,C/G,G,G,G,A/C,A,A,G,G,A/G,A/G,A/G,A/G,A,G,A/G,A/G,G,G,A,G,G,A,A/G,A/C,A/G,A/G,A/C,A/C,A/G,G,A/G,A/G,A/G,A,A/G,A,G,A/G,A/G,A/G,G,A,G,C/G,G,C,A/G,C,A/G,A/C,G,G,G,G,A/G,C,A/G,A/G,A/G,A/G,A/G,A/G,C
Htz_854,C,G,A,G,C,G,G,A/T,A/G,C/G,A/G,A/G,A/G,G,A/G,C/G,G,A/G,A/G,A/C,A,A,A/G,G,G,A/G,G,A/G,A,A/G,A/G,A/G,A/G,A/G,A/G,G,G,A,A/G,A/C,A/G,G,A/C,A/C,G,A,--,A/G,G,A,A/G,--,G,A/G,A/G,G,G,A,G,G,G,C,G,C,G,C,G,A/G,G,G,A,C,A/G,A,G,A,G,A/G,C
Htz_878,C,G,A,G,C,G,G,T,--,C/G,G,G,A/G,A/G,G,C,A/G,G,G,--,A,A,A/G,G,G,G,G,G,A,G,G,A,A/G,A/G,A/G,A,G,A,A/G,--,G,G,A/C,A/C,A/G,A/G,A,G,G,A,A/G,G,G,G,G,G,G,A/G,G,C/G,G,C,A,C,G,A,G,G,G,G,A,C/G,G,A,A/G,A/G,A/G,A/G,C
Htz_867,C,G,A,G,C,G,G,T,G,C,G,G,G,G,G,C,A,G,G,A,A,A,A,A,G,G,A,G,A,G,G,A,G,G,A,A,G,A,G,C,G,G,A,C,A,G,G,G,G,A,G,G,A,G,G,G,G,A/G,G,C,G,C,G,C,G,C,G,A,A/G,G,A,C,G,G,A,G,G,G,C
Htz_879,C,G,A,G,C,G,G,T,G,G,G,G,A,A,G,C,G,G,G,A,A,A,G,G,G,G,G,G,A,G,G,A,A,A,G,A,G,A,G,A/C,G,G,A,A,A,G,A,A/G,G,A,A,G,G,G,G,G,G,G,G,C,G,C,A,C,G,A,G,G,G,G,A,G,G,A,A,G,A,G,C
Htz_903,C,G,A/G,G,C,A/G,G,T,G,C,A/G,A/G,A/G,G,A/G,C/G,G,G,A/G,A/C,A,A,G,G,G,A,A/G,G,A,A/G,G,A,G,G,A,A,G,A,G,C,G,A/G,C,A,A,A/G,A/G,G,G,A,G,G,A/G,A/G,G,A/G,A/G,A/G,G,C/G,A/G,C,A/G,C,G,A/C,G,G,A,G,A/G,C,G,A/G,A/G,A/G,A/G,A/G,C
Htz_915,C,G,A/G,G,C/G,A/G,A/G,T,G,C,G,A/G,A,A/G,A/G,C/G,G,A/G,A/G,A/C,A,A,G,A/G,A/G,A/G,A/G,A/G,A,G,G,A,G,G,A,A,G,A/G,G,A/C,A/G,G,C,C,A/G,A/G,A/G,G,G,A,G,G,A/G,A/G,G,G,G,A/G,A/G,C/G,G,C,G,C,G,A/C,G,A,A/G,A/G,A/G,C,G,G,A,A/G,A,A/G,C
Htz_880,C,G,A/G,G,C/G,A/G,A/G,T,G,C,G,A/G,A,G,A,C/G,A/G,G,G,--,A,A/G,A/G,G,G,A/G,A/G,A/G,A,A/G,G,A,G,G,A,A,A/G,A,G,A/C,A/G,G,A/C,A/C,A/G,A/G,G,G,G,A,A/G,G,A/G,G,G,G,G,G,G,C/G,G,C,G,C,A/G,C,G,G,A/G,A/G,A,C,G,A,A,A,A/G,A/G,C
Htz_904,C,G,A/G,G,C/G,A/G,A/G,T,G,C,G,A/G,A,G,A,C/G,A/G,G,G,A/C,A,A/G,A/G,G,G,A/G,A/G,A/G,A,A/G,G,A,G,G,A,A,A/G,A,G,A/C,A/G,G,A/C,A/C,A/G,A/G,G,G,G,A,A/G,G,A/G,G,G,G,G,G,G,C/G,G,C,G,C,A/G,C,G,G,A/G,A/G,A,C,G,A,A,A,A/G,A/G,C
Htz_925,C,G,A/G,G,C/G,A/G,A/G,T,G,C,G,G,A,A/G,G,C,G,A/G,A/G,C,A,A,G,A/G,A/G,A/G,G,A/G,A,G,G,A,A/G,A/G,A,A,A/G,A/G,G,A/C,A/G,A/G,C,C,A,G,G,G,G,A,G,G,G,G,G,A/G,A/G,A,A/G,C/G,G,C,G,C,G,A/C,G,A,A/G,G,A/G,C,G,A/G,A,A/G,A,A/G,C
Htz_845,C,G,A/G,G,C/G,A/G,A/G,T,G,C/G,G,G,A/G,A/G,G,C,A/G,G,G,A,A,A,A/G,A/G,G,A/G,A,A,A,G,G,A,A/G,A,A/G,A,G,A,G,C,G,A,A/C,A/C,A,A/G,A,A,G,A,A/G,A,G,A/G,A/G,G,G,A/G,G,G,G,C/G,G,C,G,C,G,A/G,A/G,G,A,C,A/G,A,A/G,A/G,A/G,--,C
Htz_881,C,G,A/G,G,C,G,A/G,A/T,A/G,C/G,A/G,A/G,A,G,A/G,C/G,G,G,G,A/C,A,A,G,A/G,G,A/G,A/G,A,A/G,G,A/G,A/G,A/G,A/G,A,A/G,G,A,A/G,A/C,A/G,A/G,C,A/C,A/G,A,A/G,A/G,G,A,A/G,A,G,A/G,A/G,A/G,G,A/G,A/G,G,G,C,A/G,C,G,C,G,G,A/G,A/G,A,C,A/G,A,A/G,A,G,A/G,C
Htz_893,C,G,A/G,G,C,G,A/G,A/T,A/G,C/G,A/G,A/G,A,G,A/G,C/G,G,G,G,A/C,A,A,G,G,G,A/G,G,A,A,G,A/G,A/G,A/G,A/G,A,A/G,A/G,A,A/G,A/C,A/G,A/G,C,A/C,A/G,A/G,A/G,A/G,G,A,A/G,A,G,A/G,A/G,A/G,A/G,A,G,G,G,C,G,C,G,C,G,A/G,A/G,G,A,C,A/G,A,A/G,A/G,A/G,A/G,C
Htz_917,C,G,A/G,G,C,G,A/G,A/T,A/G,C/G,A/G,A/G,A,G,A/G,C/G,G,G,G,A/C,A,A,G,G,G,A/G,G,A,A,G,A/G,A/G,A/G,A/G,A,A/G,A/G,A,A/G,A/C,A/G,A/G,C,A/C,A/G,A/G,A/G,A/G,G,A,A/G,--,G,A/G,A/G,A/G,A/G,A,G,G,G,C,G,C,G,C,G,A/G,A/G,G,A,C,A/G,A,A/G,A/G,A/G,A/G,--
Htz_926,C,G,A/G,G,C,G,A/G,A/T,A/G,C/G,A/G,A/G,A,G,A/G,C/G,G,G,G,A/C,A,A,G,G,G,A/G,G,A,A,G,A/G,A/G,A/G,A/G,A,A/G,A/G,A,A/G,A/C,A/G,A/G,C,A/C,A/G,A/G,A/G,A/G,G,A,A/G,--,G,A/G,A/G,A/G,A/G,A,G,G,G,C,G,C,G,C,G,A/G,A/G,G,A,C,A/G,A,A/G,A/G,A/G,A/G,C
Htz_858,C,G,A/G,G,C/G,A/G,G,T,G,C,A/G,A/G,A,A/G,A/G,C/G,G,A/G,A,C,A,A,G,A/G,A/G,A/G,G,G,A,A/G,G,A,G,A/G,A,A,G,A/G,G,A,A,G,C,A/C,A/G,A/G,G,G,G,A,G,G,G,G,G,A/G,A/G,A,A/G,C/G,G,C,G,C,G,A/C,G,A/G,A/G,A/G,A/G,C,G,G,A,A,A/G,A/G,C
Htz_882,C,G,A/G,G,C,G,A/G,T,A/G,C,G,A/G,A,G,A/G,C,G,G,A/G,A/C,A,A,A/G,A,G,A/G,A/G,A/G,A,A,G,A,G,A/G,A/G,A,G,A/G,G,A/C,A/G,G,A/C,A/C,A,A/G,A/G,G,G,A,G,A,G,A/G,G,G,G,A,G,G,G,C,G,C,G,C,G,A/G,A/G,G,A,C,A/G,A,G,A,G,A,C
Htz_988,C,G,A/G,G,C,G,A/G,T,A/G,C,G,G,A,A,A/G,C,G,A/G,A/G,C,A,--,G,G,A/G,G,A/G,A/G,A,G,G,A,G,G,A,A/G,G,A,A/G,A/C,A/G,A/G,A/C,C,A/G,A/G,A/G,A/G,G,A,A/G,A,G,G,G,A/G,A/G,A/G,G,G,G,C,G,C,G,C,--,A,G,G,A,C,G,A,A/G,G,A/G,G,C
Htz_996,C,G,A/G,G,C,G,A/G,T,A/G,C,G,G,A,G,A/G,C,G,G,G,A/C,A,A,G,A/G,G,A/G,A/G,A/G,A,G,A/G,A/G,A/G,A/G,A,A,A/G,A,G,A/C,A/G,A/G,A/C,C,A,G,A/G,A/G,G,A,G,A/G,A/G,A/G,A/G,G,G,A/G,A/G,C/G,G,C/G,G,C,G,C,G,G,A/G,G,A,C,G,A,A/G,A,A/G,A,C
Htz_1008,C,G,A/G,G,C,G,A/G,T,A/G,C,G,G,A,G,A/G,C,G,G,G,A/C,A,A,G,A/G,G,A/G,A/G,A/G,A,G,A/G,A/G,A/G,A/G,A,A,A/G,A,G,A/C,A/G,A/G,A/C,C,A,G,A/G,A/G,G,A,G,A,G,G,G,A/G,A/G,A/G,A/G,G,G,C/G,G,C,G,C,G,G,A/G,G,A,C,G,A,G,A,G,A,C
Htz_1020,C,G,A/G,G,C,G,A/G,T,G,C,G,A,A,G,A/G,C/G,G,G,A/G,A/C,A,A,G,A/G,G,G,A,A,A,A/G,G,A,G,G,A,A,G,A/G,G,A,A/G,G,A/C,A/C,A/G,A/G,A/G,G,G,A,G,G,G,G,G,G,G,A/G,G,G,G,C,G,C,A/G,C,G,A/G,A/G,A/G,A,C,A/G,A,A/G,A,G,A/G,C
Htz_940,C,G,A/G,G,C,G,A/G,T,G,C,G,G,G,G,G,C,A/G,G,G,A/C,A,G,A/G,G,G,A/G,A/G,A/G,A,G,G,A,A/G,G,A/G,A,G,A,G,C,A/G,G,A,C,A/G,A/G,A,A/G,G,A,A/G,A,G,A/G,G,G,G,G,A/G,C/G,G,C,G,C,G,A/C,G,A/G,A,G,A,C,G,A/G,A/G,A,A/G,A/G,C
Htz_952,C,G,A/G,G,C,G,A,T,G,C,G,A/G,A/G,G,A/G,C/G,G,G,G,A,A,A,G,A/G,G,G,A,A,A,G,G,A,G,G,A,A,G,A/G,G,A/C,G,G,A,C,G,A,G,G,G,A,G,G,G,G,G,G,G,G,G,G,G,C,G,C,A,C,G,G,A,A,A,C,G,A,A,A,G,G,C
Htz_964,C,G,A/G,G,C,G,G,A,A,G,A,A,A,G,A,G,G,G,G,A,A,A,G,G,G,A,G,A,A,G,A,G,G,G,A,G,G,A,A,A,A,G,C,A,G,A,A,A,G,A,A,A,G,A,A,G,G,A,G,G,G,C,G,C,G,C,G,G,G,G,A,C,A,A,G,A,G,A,C
Htz_985,C,G,A/G,G,C,G,G,A/T,A,C/G,A/G,A/G,A,G,A,C/G,G,G,G,A,A,A,G,A/G,G,A,A/G,A/G,A,G,A,G,G,G,A,A/G,G,A,A/G,A,A,G,A/C,A/C,A/G,A/G,A,A,G,A,A/G,A,G,A/G,A/G,G,G,A/G,A/G,G,G,C,G,C,G,C,G,G,A/G,G,A,C,A/G,A,G,A,G,A,C
Htz_997,C,G,A/G,G,C,G,G,A/T,A/G,C/G,A/G,A/G,A,G,A/G,C/G,G,G,G,A/C,A,A,G,G,G,A,A/G,A,A,A/G,A/G,A/G,G,G,A,G,A/G,A,A/G,A/C,A/G,G,C,A/C,G,A,A,A/G,G,A,A/G,A,G,A/G,A/G,G,G,A,G,G,G,C,A/G,C,G,A/C,G,G,G,G,A,C,A/G,A,G,A,G,A,C
Htz_1009,C,G,A/G,G,C,G,G,A/T,A/G,C/G,A/G,A/G,A,G,A/G,C/G,G,G,G,A/C,A,A,G,G,G,A,A/G,A,A,A/G,A/G,A/G,G,G,A,G,A/G,A,G,A/C,--,G,C,A/C,G,A,A,A/G,G,A,A/G,A,G,A/G,A/G,G,G,A,A/G,G,G,C,A/G,C,G,A/C,G,G,G,G,A,C,A/G,A,G,A,G,A,C
Htz_1021,C,G,A/G,G,C,G,G,A/T,A/G,C/G,A/G,A/G,A/G,G,A/G,C/G,A/G,G,G,A,A,A,A/G,A/G,G,A/G,A/G,A,A/G,G,A/G,A/G,A/G,A/G,A,A/G,G,A,A/G,A/C,A/G,A/G,C,A/C,A/G,A,A/G,A/G,G,A,A/G,A,G,A/G,A/G,A/G,G,A/G,A/G,G,G,C,A/G,C,G,C,G,G,A/G,A/G,A,C,A/G,A,A/G,A,G,A/G,C
Htz_941,C,G,A/G,G,C,G,G,A/T,A/G,G,A/G,A/G,A,A/G,A/G,C/G,G,G,G,A,A,A,G,G,G,A/G,G,A/G,A,G,A/G,A/G,A/G,A/G,A/G,A/G,G,A,A/G,A/C,A/G,G,A/C,A,A/G,A/G,A,A/G,G,A,A,A,G,A/G,A/G,G,G,A/G,G,C/G,G,C,A/G,C,G,A/C,G,G,G,G,A,C/G,A/G,A,A/G,A/G,A/G,A/G,C
Htz_953,C,G,A/G,G,C,G,G,T,A,C,G,G,A,A/G,A/G,C,G,A/G,A/G,A/C,A,A,G,A/G,A/G,A/G,A,A/G,A,G,A/G,A/G,G,G,A,A,G,A,A/G,A/C,A/G,A/G,A,C,A,G,A/G,A/G,A/G,A,G,A,G,G,G,A/G,G,A/G,A/G,G,G,C/G,G,C,A/G,C,G,G,A,G,A,C,G,A/G,A/G,A/G,G,A,C
Htz_965,C,G,A/G,G,C,G,G,T,A,C,G,G,A,A/G,A/G,C,G,A/G,A/G,A/C,A,A,G,A/G,A/G,A/G,A,--,A,G,A/G,A/G,G,G,A,A,G,A,A/G,A/C,A/G,A/G,A,C,A,G,A/G,A/G,A/G,A,G,A,G,G,G,A/G,G,A/G,A/G,G,G,C/G,G,C,A/G,C,G,G,A,G,A,C,G,A/G,A/G,A/G,G,A,C
Htz_986,C,G,A/G,G,C,G,G,T,A/G,C,G,G,A/G,G,A/G,C,A/G,G,G,A,A,A,A/G,A,G,A/G,A,A/G,A/G,G,A/G,A/G,A/G,A/G,A,A,--,A,G,A/C,A/G,A/G,A/C,C,A,A/G,A/G,A/G,--,A,G,A,G,G,G,A/G,G,G,A,G,G,C,A/G,C,G,C,G,G,A,A/G,A,C,G,A,A/G,A,G,A/G,C
Htz_998,C,G,A/G,G,C,G,G,T,A/G,C,G,G,A/G,G,A/G,C,A/G,G,G,A,A,A,A/G,A,G,A/G,A,A/G,A/G,G,A/G,A/G,A/G,A/G,A,A,G,A,G,A/C,A/G,A/G,A/C,C,A,A/G,A/G,A/G,--,A,G,A,G,G,G,A/G,G,G,A,G,G,C,A/G,C,G,C,G,G,A,A/G,A,C,G,A,A/G,A,G,A/G,C
Htz_1010,C,G,A/G,G,C,G,G,T,A/G,C,G,G,A/G,G,A/G,C,A/G,G,G,A,A,A,A/G,A,G,A/G,A,A/G,A/G,G,A/G,A/G,A/G,A/G,A,A,G,A,G,A/C,A/G,A/G,A/C,C,A,A/G,A/G,A/G,G,A,G,A,G,G,G,A/G,G,G,A,G,G,C,A/G,C,G,C,G,G,A,A/G,A,C,G,A,A/G,A,G,A/G,C
Htz_1022,C,G,A/G,G,C,G,G,T,A/G,C,G,G,G,G,G,C,A/G,G,G,--,A,A,A/G,G,G,G,G,A/G,A,G,G,A,A/G,A/G,A,A,G,A,A,A/C,G,A/G,A/C,C,A/G,A/G,A,G,G,A,G,A,G,A/G,G,G,G,A,G,G,G,C/G,A/G,C,A/G,A,G,G,A/G,G,A,C,G,A,A/G,A/G,G,A/G,C
Htz_942,C,G,A/G,G,C,G,G,T,A/G,C,G,G,G,G,G,C,A/G,G,G,--,A,A,A/G,G,G,G,G,A/G,A,G,G,A,A/G,A/G,A,A,G,A,A,A/C,G,A/G,A/C,C,A/G,A/G,A,G,G,A,G,--,G,A/G,G,G,G,A,G,G,G,C/G,A/G,C,A/G,A,G,G,A/G,G,A,C,G,A,A/G,A/G,G,A/G,C
Htz_954,C,G,A/G,G,C,G,G,T,A/G,C,G,G,G,G,G,C,A/G,G,G,A/C,A,A,A/G,G,G,G,G,A/G,A,G,G,A,A/G,A/G,A,A,G,A,A,A/C,G,A/G,A/C,C,A/G,A/G,A,G,G,A,G,A,G,A/G,G,G,G,A,G,G,G,C/G,A/G,C,A/G,A,G,G,A/G,G,A,C,G,A,A/G,A/G,G,A/G,C
Htz_966,C,G,A/G,G,C,G,G,T,A/G,C,G,G,G,G,G,C,A/G,G,G,A/C,A,A,A/G,G,G,G,G,A/G,A,G,G,A,A/G,A/G,A,A,G,A,A,A/C,G,A/G,A/C,C,A/G,A/G,A,G,G,A,G,A,G,A/G,G,G,G,A,G,G,G,C/G,A/G,C,A/G,A,G,G,G,G,A,C,G,A,A/G,A/G,G,A/G,C
Htz_987,C,G,A/G,G,C,G,G,T,A/G,C,G,G,G,G,G,C,G,A/G,A,A/C,A,A,A/G,G,G,G,G,G,A,A/G,G,A,A/G,A/G,A/G,A/G,G,A,G,C,G,A/G,A,C,A/G,A/G,A/G,A/G,G,A,G,G,G,G,G,G,G,A/G,G,C/G,G,C,A/G,C,G,A/C,G,A/G,A/G,G,A/G,C,G,A/G,A/G,A/G,A/G,G,C
Htz_999,C,G,A/G,G,C,G,G,T,G,C,G,A/G,A/G,A/G,G,C,--,A/G,A/G,C,A,A/G,G,G,G,A/G,A/G,A/G,A,G,G,A,A,G,A/G,A,G,A,G,C,A/G,G,A,C,A/G,A/G,A/G,A/G,G,A,G,A,G,G,G,A/G,A/G,A/G,A/G,G,G,C/G,G,C,G,C,G,G,A/G,G,A,C,G,A,G,A,G,A,C
Htz_1011,C,G,A/G,G,C,G,G,T,G,C,G,A/G,A/G,G,G,C,A/G,G,A/G,A/C,A,A,A/G,A,G,G,A,A,A,A/G,G,A,A/G,A/G,A,A,G,A/G,G,A/C,A/G,A/G,C,A/C,A/G,A/G,A,G,G,A,G,G,G,G,A/G,G,G,A,G,G,A/G,C,G,C,G,A/C,G,A,A/G,G,A,C,A/G,A/G,A/G,A/G,G,A/G,C
Htz_1107,C,G,A/G,G,C,G,G,T,G,C,G,G,A/G,G,G,C,A/G,G,G,A/C,A,A,A/G,A/G,G,A/G,A,A,A/G,A/G,G,A,A/G,A/G,A,A/G,A/G,A,G,C,G,A/G,C,C,A/G,A,A/G,G,G,A,G,A,G,G,G,A/G,G,A/G,A/G,G,G,C,A,C,G,A/C,G,G,A/G,A/G,A,C,G,A,A/G,A,G,A/G,C
Htz_1095,C,G,A/G,G,C,G,G,T,G,C,G,G,G,G,A/G,C,G,G,G,A/C,A,A,G,G,G,G,A/G,A,A,G,G,A,A,A/G,A,A,G,A,A/G,C,G,A,A/C,A/C,A,G,A,G,G,A,G,A,G,A,G,G,G,A,G,G,G,C/G,G,C,A/G,A,G,A/G,A/G,G,A/G,C,G,A/G,A,A/G,A/G,A/G,C
Htz_1035,C,G,G,A,C,G,A/G,T,A,C,G,G,A,G,A/G,C,G,G,G,A,A,A,G,A,G,A,A,G,A,G,A/G,G,A/G,G,A,A,G,A,G,A/C,A,G,A,C,A,G,A,A,G,A,G,A,G,G,G,G,G,G,A/G,G,G,C,G,C,G,C,G,G,A,G,A,C,G,A,G,A,G,A,C
Htz_1108,C,G,G,A,C,G,A,T,A,C,G,G,A,G,--,C,A/G,G,G,A,A,A,G,G,G,A,G,G,A,A,G,A,A,A,A,A,G,A,G,A,A,G,C,C,A,A,G,A,G,A,G,G,G,G,G,A,A,A,G,C,G,C,G,C,G,C,G,G,A,G,A,C,G,A,G,A,G,G,C
Htz_1096,C,G,G,A,C,G,A,T,G,C,G,G,A,G,A,C,G,G,A,C,C,A,G,G,G,A,G,G,A,G,G,A,A,G,A,A,G,A,G,A/C,A,G,A,C,G,A,G,G,G,C,G,G,G,G,G,A,G,A,G,C,A,C,G,C,G,C,G,A,A,G,A,C,G,G,A,A,A,G,G
Htz_1084,C,G,G,A,C,G,A,T,G,C,G,G,G,G,G,C,G,G,G,A,A,A,G,A,G,G,A,A,A,G,G,A,G,G,A,A,G,G,G,A/C,G,G,A,C,G,A,G,G,G,A,G,G,G,G,G,G,G,G,G,G,G,C,G,C,A,C,G,G,A,A,A,C,G,A,A,A,G,G,C
Htz_1109,C,G,G,A/G,C,G,A/G,T,G,C,A/G,G,A,G,A/G,C,G,G,A/G,C,A,A/G,G,G,A/G,G,A/G,A,A,A/G,A/G,A/G,A/G,A/G,A,A/G,G,A,G,A,A/G,G,A/C,A/C,A,A/G,A/G,A/G,G,A,G,G,A/G,G,G,G,G,G,G,C/G,G,C/G,G,C,G,A,G,G,A/G,G,A,C,G,A/G,A,A/G,G,G,C
Htz_1026,C,G,G,A/G,C,G,G,A/T,A/G,C,A/G,A/G,A/G,G,A/G,C/G,G,G,G,A/C,A,A,G,G,G,A/G,G,A,A,G,A/G,A/G,A/G,A/G,A,A/G,G,A,A,A/C,A/G,A/G,A/C,A/C,A/G,A/G,A,A/G,G,A,A/G,A,G,A,A/G,G,G,A,G,G,G,C/G,G,C,A/G,A/C,G,G,A/G,G,A,C,A/G,A,A/G,A/G,G,A/G,C
Htz_1110,C,G,G,A/G,C/G,G,G,A/T,A/G,C/G,A/G,A,A,G,A,G,G,G,G,A,A,A,A/G,G,G,A,A/G,A/G,A,G,A/G,A/G,A/G,A/G,A,A/G,G,A,A/G,A,A/G,A/G,A/C,A/C,G,A,A,A/G,G,A,A/G,A/G,G,A/G,A,G,A/G,A,G,C/G,G,C,G,C,G,A/C,G,G,A/G,G,A,C,A/G,A/G,A/G,A/G,G,A/G,C
Htz_1111,C,G,G,A/G,C/G,G,G,A/T,A/G,C/G,A/G,A,A,G,A,G,G,G,G,A,A,A,A/G,G,G,A,A/G,A/G,A,G,A/G,A/G,A/G,A/G,A,A/G,G,A,A/G,A,A/G,A/G,A/C,A/C,G,A,A,A/G,G,A,A/G,--,G,A/G,A,G,A/G,A,G,C/G,G,C,G,C,G,A/C,G,G,A/G,G,A,C,A/G,A/G,A/G,A/G,G,A/G,C
Htz_1064,C,G,G,A/G,C,G,G,T,G,C,A/G,A/G,A,G,A/G,C/G,G,G,A/G,C,A,A,G,G,A/G,A/G,A/G,G,A,A/G,G,A,G,G,A,A/G,G,A,G,C,G,A,A/C,A/C,A,G,A/G,G,A/G,A,G,G,A/G,A/G,G,A,A/G,A/G,G,C/G,A/G,C,A/G,C,A/G,A/C,G,G,A,G,A/G,C,G,A/G,A/G,A/G,A/G,A/G,C
Htz_1112,C,G,G,A,G,G,G,T,G,C,G,A,A,G,A,G,G,G,G,A,A,A,A,G,G,A,A,G,A,G,G,A,A,A,A,A,G,A,G,A,A/G,A,A,C,G,A,A,G,G,A,G,G,G,G,A,G,A,A,G,C,G,C,G,C,G,A,G,G,A,G,A,C,G,G,A,G,G,G,C
Htz_1028,C,G,G,--,C,G,A,A/T,G,C,G,A,A,A,G,C,--,A,A,C,A,A,G,G,G,A,G,G,A,G,G,A,A,G,A,A,G,A,--,C,G,G,A,C,G,A,G,G,--,A,G,G,G,G,G,A,A,A,G,G,G,G,G,C,G,C,G,G,G,G,A,C,G,A,G,A,G,A,C
Htz_1029,C,G,G,--,C,G,A/G,A/T,G,C,G,A/G,A/G,G,A/G,C/G,G,G,G,--,A,A,G,A/G,G,G,A/G,A,A,G,G,A,G,G,A,A,G,--,G,A/C,G,G,A/C,C,G,A,G,G,G,A,G,G,G,G,G,G,G,A/G,G,G,G,C,G,C,A/G,C,G,G,G,A/G,A,C,G,A/G,A/G,A/G,G,G,C
Htz_1101,C,G,G,--,C/G,G,G,A/T,A/G,C/G,A/G,A,A,G,A,G,G,G,G,--,A,A,A/G,G,G,A,A/G,A/G,A,G,A/G,A/G,A/G,A/G,A,A/G,G,A,A/G,A,A/G,A/G,A/C,A/C,G,A,A,A/G,G,A,A/G,A/G,G,A/G,A,G,A/G,A,G,C/G,G,C,G,C,G,A/C,G,G,A/G,G,A,C,A/G,A/G,A/G,A/G,G,A/G,C
Htz_1066,C,G,G,G,C,A/G,G,A,G,C,G,G,G,G,G,C,G,G,G,A,A,A,G,A,G,A,A,G,A,G,G,A,G,A,A,A,G,A,G,C,G,G,A,C,G,A,A,G,G,A,G,G,A,G,G,G,G,A,G,C,G,C,A,C,G,A,G,G,G,G,A,G,G,A,A,G,A,G,C
Htz_1030,C,G,G,G,C,A/G,G,T,G,C,G,G,G,G,G,C,G,G,G,A/C,A,A,G,G,A/G,A/G,A,G,A,G,G,A,G,G,A,A/G,G,A,G,C,G,A/G,A/C,A/C,A,A/G,G,G,A/G,A,G,G,G,G,G,A/G,G,A,G,C,G,C,A,C,A/G,A,G,G,--,G,G,C,G,G,A,G,A,G,C
Htz_1067,C,G,G,G,C/G,A/G,G,T,G,C,G,A/G,A,G,A/G,C,A/G,G,A/G,C,A,A/G,A/G,A/G,G,A/G,A/G,A/G,A,A,G,A,G,G,A,A,A/G,A/G,G,A,A,G,C,A/C,A,G,A/G,G,G,A,G,G,G,G,G,A/G,A/G,A,G,G,G,C,G,C,G,C,G,A,A/G,G,A,C,A,A,G,A,G,A,C
Htz_1103,C,G,G,G,C,G,A/G,T,A/G,C,A/G,G,A,G,A/G,C,G,G,A/G,A/C,A,A,G,A/G,A/G,A/G,A,A/G,A,G,G,A,A/G,A,A,A,A/G,A,G,C,G,A/G,A/C,C,A,G,A/G,A/G,G,A,G,A/G,G,G,G,G,G,A,G,C/G,G,C,A/G,C,G,C,G,A/G,A,A/G,A/G,C,G,A/G,A,G,A,A/G,C
Htz_1055,C,G,G,G,C,G,A/G,T,G,C,G,G,A,G,G,C,G,G,G,C,A,A,G,G,G,A,A,A/G,A,A,G,A,G,G,A,A/G,A/G,A,G,A/C,G,G,C,C,A/G,A,A,A/G,G,A,G,--,G,G,G,G,G,A,A/G,G,G,C,A,C,G,A/C,G,G,G,G,A,C,G,A,A/G,A,G,A,C
Htz_1031,C,G,G,G,C,G,A,T,G,C,A,G,A,G,G,C,G,G,A/G,--,A,A,G,G,A/G,G,A/G,A,A,A,G,A,A,A,A/G,A/G,G,A,G,A/C,G,G,A/C,A/C,A,A/G,G,G,G,A,G,G,A/G,G,G,A/G,G,G,G,C/G,G,C/G,G,C,G,A/C,G,G,A/G,G,A,C,A/G,A/G,A/G,A/G,G,A/G,C
Htz_1068,C,G,G,G,C,G,A,T,G,C,A,G,A,G,G,C,G,G,A/G,C,A,A,G,G,A/G,G,A/G,A,A,A,G,A,A,A,A/G,A/G,G,A,G,A/C,G,G,A/C,A/C,A,A/G,G,G,G,A,G,G,A/G,G,G,A/G,G,G,G,C/G,G,C/G,G,C,G,A/C,G,G,A/G,G,A,C,A/G,A/G,A/G,A/G,G,A/G,C
Htz_1045,C,G,G,G,C,G,G,A,A,G,A,A,A,G,A,G,G,G,G,A,A,A,G,G,G,A,G,A,A,G,A,G,G,G,A,G,G,A,A,A,A,G,C,A,G,A,A,A,G,A,A,A,G,A,A,G,G,A,G,G,G,C,G,C,G,C,G,G,G,G,A,C,A,A/G,G,A,G,A,C
Htz_1069,C,G,G,G,C,G,G,A/T,A,C/G,A/G,A/G,A,G,A,C/G,G,G,G,A,A,A,G,A/G,G,A,A/G,A/G,A,G,A,G,G,G,A,A/G,G,A,A/G,A,A,G,A/C,A/C,A/G,A/G,A,A,G,A,A/G,A,G,A/G,A/G,G,G,A/G,A/G,G,G,C,G,C,G,C,G,G,A/G,G,A,C,A/G,A,G,A,G,A,C
Htz_1106,C,G,G,G,C,G,G,A/T,A,G,A,A,A,G,A,G,G,G,G,--,A,A,G,G,G,A,G,A/G,A,G,A,G,G,G,A,G,G,A,A/G,A,A,G,C,A,G,A,A,A,G,A,A,A,G,A,A,G,A/G,A,G,G,G,C,G,C,G,C,G,G,--,G,A,C,A,A,A/G,A,G,A,C
Htz_1082,C,G,G,G,C,G,G,A/T,A/G,C/G,A/G,A/G,G,G,A/G,C/G,G,G,G,A,A,A,G,A/G,G,A,A/G,A/G,A,G,A/G,A/G,G,A/G,A,A/G,G,A,A/G,A/C,A,G,A/C,A/C,A/G,A/G,G,A/G,G,A,A,--,G,A/G,A/G,G,A/G,A,G,G,G,C/G,G,C,G,A/C,G,A/G,G,G,A,C,A/G,A/G,A/G,A,--,G,C/G
Htz_1140,C,G,G,G,C,G,G,A/T,G,C,G,G,A/G,G,G,G,A/G,G,G,A,A,A,A/G,G,G,A/G,G,G,A,G,G,A,G,A/G,A,A,G,A,G,C,G,G,A/C,A/C,A,G,A,A/G,G,A,G,A,G,G,G,G,G,A/G,A/G,G,G,C,A/G,C,G,C,G,A/G,A,G,A,C,G,A,A,A/G,A/G,A/G,C
Htz_1116,C,G,G,G,C/G,G,G,A,A,G,A,A,A,G,A,--,G,G,G,A,A,A,G,G,G,A,G,A,A,G,--,G,G,--,A,G,G,A,--,A,A,G,C,A,G,A,--,A,--,A,A,A,G,A,A,G,G,A,G,G,G,C,G,--,G,C,G,G,G,G,A,C,A,A,G,A,G,A,C
Htz_1164,C,G,G,G,C,G,G,T,A/G,C,G,G,A/G,G,A/G,C,G,G,G,A,A,A,G,A,G,A,A,A/G,A,G,A/G,A/G,A/G,G,A,A,G,A,G,A,A,G,A,C,A/G,A/G,A/G,A/G,G,A/C,G,A,G,G,G,A/G,G,A/G,A/G,C/G,G,C/G,G,C,G,A/C,G,A/G,A,G,A,C,G,A/G,A/G,A,A/G,A/G,C/G
Htz_1187,C,G,G,G,C,G,G,T,G,C,G,A,A,G,G,C,G,G,A,--,A,A,G,A,G,G,A,A,A,A,G,A,G,G,A,A,G,G,G,A,A,G,C,A,A,G,A,G,G,A,G,G,G,G,G,G,G,A,G,G,G,C/G,G,C,G,C,G,A,G,G,A,C,A,A,G,A,G,A,C
Htz_1198,C,G,G,G,C,G,G,T,G,C,G,A,A,G,G,C,G,G,A,C,A,A,G,A,G,G,A,A,A,A,G,A,G,G,A,A,G,G,G,A,A,G,C,A,A,G,A,G,G,A,G,G,G,G,G,G,G,A,G,G,G,C/G,G,C,G,C,G,A,G,G,A,C,A,A,G,A,G,A,C
Htz_1153,C,G,G,G,C,G,G,T,G,C,G,A,A,G,G,C,G,G,A,C,A,A,G,A,G,G,A,A/G,A,A,G,A,G,G,A,A,G,G,G,A,A,G,C,A,A,G,A,A/G,G,A,G,--,G,G,G,G,G,A,A/G,G,G,C,G,C,G,C,G,A,G,G,A,C,A,A,G,A,G,A,C
Htz_1177,C,G,G,G,C,G,G,T,G,C,G,A/G,A/G,G,G,C,G,G,A/G,--,A,A,G,A,G,A/G,A,A,A,A/G,G,A,A/G,G,A,A,G,A/G,G,A,A,G,A/C,A/C,A/G,A/G,A/G,G,G,A/C,G,G,G,G,G,A/G,G,A,G,C/G,G,G,G,C,G,A/C,G,A,A/G,G,A,C,A/G,A/G,A/G,A,A/G,A/G,C/G
Htz_1188,C,G,G,G,G,A/G,G,T,G,C,G,G,A,A,G,C,G,A,A,--,A,A,G,A,A,A,G,G,A,G,G,A,G,G,A,A,G,G,G,A,A,G,C,C,A,G,G,G,G,A,G,G,G,G,G,G,G,A,A,C,G,C,G,C,G,A,G,A,G,G,G,C,--,G,A,A,A,A,C
Htz_1199,C,G,G,G,G,A/G,G,T,G,C,G,G,A,A,G,C,G,A,A,C,A,A,G,A,A,A,G,G,A,G,G,A,G,G,A,A,G,G,G,A,A,G,C,C,A,G,G,G,G,A,G,G,G,G,G,G,G,A,A,C,G,C,G,C,G,A,G,A,G,G,G,C,--,G,A,A,A,A,C
Htz_1142,C,G,G,G,G,A/G,G,T,G,C,G,G,A,A,G,C,G,A,A,C,A,A,G,A,A,A,G,G,A,G,G,A,G,G,A,A,G,G,G,A,A,G,C,C,A,G,G,G,G,A,G,G,G,G,G,G,G,A,A,C,G,C,G,C,G,A,G,A,G,G,G,C,G,G,A,A,A,A,C
Htz_1189,C,G,G,G,G,A/G,G,T,G,C,G,G,A,A,G,C,G,A,A,C,A,A,G,A,A,A,G,G,A,G,G,A,G,G,A,A,G,G,G,A/C,A,G,C,C,A,G,G,G,G,A,G,G,G,G,G,G,G,A,A,C,G,C,G,C,G,A,G,A,G,G,G,C,G,G,A,A,A,A,C
Htz_1143,--,G,A/G,--,C,G,G,A/T,A,G,A,A,A,G,A,G,G,G,G,A,A,A,G,G,G,A/G,G,A/G,A,G,A,--,G,G,A,G,G,A,A,A/C,A,G,C,A/C,G,A,A,A,G,A,A,A/G,G,A,A/G,G,G,A/G,G,G,G,C,G,C,A/G,C,G,G,G,G,A,C,A,A/G,G,A,G,A,C
Htz_1167,--,G,A/G,G,C,G,G,T,A/G,C,G,A/G,A,G,A/G,C,G,G,A/G,--,A,A,G,A,G,A/G,A,A/G,A,A/G,A/G,A/G,G,G,A,A,G,A/G,G,A,A,G,A/C,A/C,A,G,A,A/G,G,A,G,A,G,G,G,G,G,A/G,A/G,G,G,C,G,C,G,C,G,A/G,A/G,G,A,C,A/G,A,G,A,G,A,C
